game_id,game_name,release_year,platforms,review_score,main_story_hours,main_extra_hours,completionist_hours,all_styles_hours,count_comp,count_backlog,count_playing,count_retired
144338,The Blood of Dawnwalker,2026,"PC, PlayStation 5, Xbox Series X/S",84,21.59,33.56,49.62,33.82,229,513,233,6
2127,Cyberpunk 2077,2020,"Google Stadia, Nintendo Switch 2, PC, PlayStation 4, PlayStation 5, Xbox One, Xbox Series X/S",84,26.12,63.23,108.96,65.81,22589,18727,740,1095
160598,Onimusha: Way of the Sword,2026,"Nintendo Switch 2, PC, PlayStation 5, Xbox Series X/S",86,20.23,29.5,46.8,30.27,223,503,187,9
27100,Red Dead Redemption 2,2018,"Google Stadia, PC, PlayStation 4, Xbox One",94,50.74,84.62,195.24,78.93,22167,20602,561,1174
10270,The Witcher 3: Wild Hunt,2015,"Nintendo Switch, PC, PlayStation 4, PlayStation 5, Xbox One, Xbox Series X/S",93,51.68,103.77,174.97,104.35,27012,32912,508,1851
169336,Resonance: A Plague Tale Legacy,2026,"PC, PlayStation 5, Xbox Series X/S",81,11.72,13.58,15.66,12.95,459,392,125,7
152016,Clair Obscur: Expedition 33,2025,"PC, PlayStation 5, Xbox Series X/S",94,29.26,46.26,68.76,47.06,12590,5853,482,287
4064,Grand Theft Auto V,2013,"PC, PlayStation 3, PlayStation 4, PlayStation 5, Xbox 360, Xbox One, Xbox Series X/S",87,32.05,51.37,89.52,45.49,31547,17734,423,2455
26286,Hollow Knight,2017,"Linux, Mac, Nintendo Switch, Nintendo Switch 2, PC, PlayStation 4, Xbox One",91,26.97,41.6,65.62,41.82,19880,24708,446,1975
68151,Elden Ring,2022,"Nintendo Switch 2, PC, PlayStation 4, PlayStation 5, Xbox One, Xbox Series X/S",93,60.08,101.32,136.21,105.59,21452,15178,412,1425
7231,Portal 2,2011,"Linux, Mac, Nintendo Switch, PC, PlayStation 3, Xbox 360",90,8.58,13.76,22.95,10.63,40101,25165,319,1321
68033,Baldur's Gate 3,2023,"Linux, Mac, PC, PlayStation 5, Xbox Series X/S",93,73.04,117.1,181.29,118.35,9805,14013,540,873
62941,Hades,2020,"Mac, Mobile, Nintendo Switch, PC, PlayStation 4, PlayStation 5, Xbox One, Xbox Series X/S",88,23.58,48.57,95.23,44.34,15858,17182,472,1507
7230,Portal,2007,"Linux, Mac, Nintendo Switch, PC, PlayStation 3, Xbox 360",85,3.12,5.26,10.53,3.94,42801,19348,274,1171
166961,Star Wars Zero Company,2026,"PC, PlayStation 5, Xbox Series X/S",83,27.51,32.43,42.6,31.83,233,297,172,7
10469,Tomb Raider,2013,"Google Stadia, Linux, Mac, Nintendo Switch, Nintendo Switch 2, PC, PlayStation 3, PlayStation 4, Xbox 360, Xbox One",81,11.32,15.46,20.93,14.33,33594,24041,265,1335
34716,Stardew Valley,2016,"Linux, Mac, Mobile, Nintendo Switch, Nintendo Switch 2, PC, PlayStation 4, PlayStation Vita, Xbox One",88,53.37,94.88,172.21,100.31,8848,20001,500,2796
66630,Persona 5 Royal,2019,"Nintendo Switch, PC, PlayStation 4, PlayStation 5, Xbox One, Xbox Series X/S",94,101.34,122.67,140.42,122.84,11703,11808,351,514
85276,007 First Light,2026,"Nintendo Switch 2, PC, PlayStation 5, Xbox Series X/S",84,16.13,19.07,24.84,17.61,2357,1053,351,41
83145,Hogwarts Legacy,2023,"Nintendo Switch, Nintendo Switch 2, PC, PlayStation 4, PlayStation 5, Xbox One, Xbox Series X/S",78,26.71,45.27,72.17,48.19,11085,10363,343,989
57479,Resident Evil 2,2019,"Amazon Luna, Mobile, Nintendo Switch, Nintendo Switch 2, PC, PlayStation 4, PlayStation 5, Xbox One, Xbox Series X/S",88,8.86,15.55,36.7,12.59,18328,12803,265,467
82054,Control: Ultimate Edition,2020,"Amazon Luna, Google Stadia, Mobile, Nintendo Switch, PC, PlayStation 4, PlayStation 5, Xbox One, Xbox Series X/S",82,12.72,25.27,38.82,25.73,7677,12645,252,485
1065,BioShock,2007,"Mobile, Nintendo Switch, OnLive, PC, PlayStation 3, PlayStation 4, Xbox 360, Xbox One",85,12.1,15.64,23.5,14.39,26386,28341,226,3251
57335,Disco Elysium,2019,"Google Stadia, Mac, Nintendo Switch, PC, PlayStation 4, PlayStation 5, Xbox One, Xbox Series X/S",89,23.73,33.29,48.29,32.23,7936,19088,280,887
108881,Resident Evil 4,2023,"Mobile, Nintendo Switch 2, PC, PlayStation 4, PlayStation 5, Xbox Series X/S",91,16.18,21.7,64.56,21.45,10564,6747,235,143
97761,Marvel's Wolverine,2026,PlayStation 5,74,15.47,17.19,18.91,17.04,59,431,143,2
57686,Final Fantasy VII Remake,2020,"Nintendo Switch 2, PC, PlayStation 4, PlayStation 5, Xbox Series X/S",86,32.27,41.14,85.75,42.31,14851,9857,311,419
1274,Borderlands 2,2012,"Linux, Mac, Mobile, PC, PlayStation 3, PlayStation Vita, Xbox 360",81,30.08,54.92,129.83,52.46,18470,23888,271,3630
38050,God of War,2018,"PC, PlayStation 4",90,20.56,32.89,51.06,32.86,27464,13411,250,565
14996,The Elder Scrolls V: Skyrim - Special Edition,2013,"Nintendo Switch, PC, PlayStation 3, PlayStation 4, PlayStation 5, Xbox 360, Xbox One, Xbox Series X/S",87,25.96,110.72,203.54,116.11,10585,19089,310,1910
4248,Half-Life 2,2004,"Linux, Mac, Mobile, PC, PlayStation 3, Xbox, Xbox 360",88,12.86,15.69,19.97,14.58,20580,23499,262,1419
2708,Doom,2016,"Google Stadia, Nintendo Switch, PC, PlayStation 4, Xbox One",84,11.57,16.43,27.14,14.51,21594,19492,251,1238
174355,Fire Emblem: Fortune's Weave,2026,Nintendo Switch 2,85,,,132.45,132.45,2,302,148,0
14443,Batman: Arkham Asylum GOTY,2010,"PC, PlayStation 3, Xbox 360",82,11.09,15.53,25.36,14.36,21107,17651,261,1110
18005,Batman: Arkham Knight,2015,"PC, PlayStation 4, Xbox One",83,17.11,31.5,51.33,31.05,14800,20055,218,832
30385,Undertale,2015,"Linux, Mac, Nintendo Switch, PC, PlayStation 4, PlayStation Vita, Xbox One",87,7.03,11.32,20.68,10.14,17741,19223,230,1382
20737,Metro 2033 Redux,2014,"Google Stadia, Linux, Mac, Nintendo Switch, PC, PlayStation 4, Xbox One",77,9.06,11.54,23.69,10.64,10509,16008,238,727
9705,Terraria,2011,"Linux, Mac, Mobile, Nintendo 3DS, Nintendo Switch, PC, PlayStation 3, PlayStation 4, PlayStation Vita, Wii U, Xbox 360, Xbox One",87,51.75,92.97,205.21,106.13,10270,17962,328,3999
26729,Fallout 4,2015,"Nintendo Switch 2, PC, PlayStation 4, PlayStation 5, Xbox One, Xbox Series X/S",76,27.8,83.33,160.38,80.8,13324,19600,232,2340
11963,Batman: Arkham City GOTY,2012,"PC, PlayStation 3, Wii U, Xbox 360",85,13.5,22.59,59.31,20.46,16392,20443,233,1088
11963,Batman: Arkham City GOTY,2012,"PC, PlayStation 3, Wii U, Xbox 360",85,13.5,22.59,59.31,20.46,16392,20443,232,1088
1066,BioShock 2,2010,"Nintendo Switch, PC, PlayStation 3, PlayStation 4, Xbox 360, Xbox One",79,10.52,14.4,23.92,12.97,14399,27956,162,2495
80101,Pragmata,2026,"Nintendo Switch 2, PC, PlayStation 5, Xbox Series X/S",86,11.88,16.29,25.62,15.67,2524,1407,260,52
185013,Assassin's Creed Black Flag Resynced,2026,"PC, PlayStation 5, Xbox Series X/S",82,24.38,42.58,64.09,44.91,620,471,366,23
20883,Metro: Last Light Redux,2014,"Google Stadia, Linux, Mac, Nintendo Switch, PC, PlayStation 4, Xbox One",80,9.77,13.52,27.74,11.97,8434,18211,184,543
70093,Marvel's Spider-Man Remastered,2020,"PC, PlayStation 4, PlayStation 5",86,17.92,29.0,44.79,32.34,11379,5082,250,211
5212,Left 4 Dead 2,2009,"Linux, Mac, PC, Xbox 360, Xbox One",81,10.29,28.05,62.77,18.56,12014,18232,290,4233
1068,BioShock Infinite,2013,"Nintendo Switch, PC, PlayStation 3, PlayStation 4, Xbox 360, Xbox One",84,11.55,16.18,28.77,14.01,28026,26349,182,1065
3351,Fallout: New Vegas,2010,"PC, PlayStation 3, Xbox 360",88,26.75,60.56,130.84,57.94,12895,23579,222,1911
51225,Ghost of Tsushima,2020,"PC, PlayStation 4, PlayStation 5",88,25.12,46.29,62.46,50.42,14005,8491,222,519
31388,Detroit: Become Human,2018,"PC, PlayStation 4",84,12.08,15.76,32.23,14.2,12833,9392,210,321
80038,Resident Evil Village,2021,"Google Stadia, Mac, Mobile, Nintendo Switch, Nintendo Switch 2, PC, PlayStation 4, PlayStation 5, Xbox One, Xbox Series X/S",84,9.85,12.93,38.38,12.42,11133,8566,164,177
72822,Resident Evil 3,2020,"Amazon Luna, Mac, Mobile, Nintendo Switch, Nintendo Switch 2, PC, PlayStation 4, PlayStation 5, Xbox One, Xbox Series X/S",75,6.0,7.64,20.29,7.28,12201,9400,153,189
60145,Star Wars Jedi: Fallen Order,2019,"Google Stadia, PC, PlayStation 4, PlayStation 5, Xbox One, Xbox Series X/S",81,17.27,22.29,31.73,22.09,19262,13386,192,895
169267,Resident Evil Requiem,2026,"Nintendo Switch 2, PC, PlayStation 5, Xbox Series X/S",90,11.04,13.98,31.8,14.03,5026,1493,168,26
65080,A Plague Tale: Innocence,2019,"Nintendo Switch, PC, PlayStation 4, PlayStation 5, Xbox One, Xbox Series X/S",80,10.95,12.59,15.95,12.29,11961,10963,160,422
57506,Doom Eternal,2020,"Google Stadia, Nintendo Switch, PC, PlayStation 4, PlayStation 5, Xbox One, Xbox Series X/S",86,14.43,20.62,29.81,19.36,10432,14504,178,740
19266,Rise of the Tomb Raider,2015,"Google Stadia, Linux, Mac, PC, PlayStation 4, Xbox 360, Xbox One",80,13.3,21.87,35.44,20.14,16134,16404,187,648
38029,NieR: Automata,2017,"Nintendo Switch, PC, PlayStation 4, Xbox One",89,21.29,37.59,61.26,36.67,16090,17420,222,867
2602,Dishonored,2012,"PC, PlayStation 3, Xbox 360",83,12.16,18.54,37.82,16.52,18677,20507,196,1294
46401,Metro Exodus,2019,"Amazon Luna, Google Stadia, Linux, Mac, PC, PlayStation 4, PlayStation 5, Xbox One, Xbox Series X/S",82,15.93,24.03,41.82,22.44,6564,15952,169,697
79769,Marvel's Spider-Man 2,2023,"PC, PlayStation 5",85,17.17,23.91,28.57,25.63,8637,3215,177,109
109434,Final Fantasy VII Rebirth,2024,"Nintendo Switch 2, PC, PlayStation 5, Xbox Series X/S",88,48.47,91.38,160.84,90.61,4766,4723,249,100
102201,Palworld,2026,"PC, PlayStation 5, Xbox One, Xbox Series X/S",75,63.11,104.5,135.23,98.6,1301,4063,378,684
18006,Middle-Earth: Shadow of Mordor,2014,"Linux, Mac, PC, PlayStation 3, PlayStation 4, Xbox 360, Xbox One",78,15.71,23.94,32.93,24.01,15275,19111,189,1526
10268,The Witcher 2: Assassins of Kings,2011,"Linux, Mac, PC, Xbox 360",81,24.18,34.82,56.63,33.33,12750,23622,167,1919
45727,Dead Cells,2018,"Linux, Mac, Mobile, Nintendo Switch, PC, PlayStation 4, PlayStation 5, Xbox One",82,14.06,32.32,91.89,22.06,4215,10800,212,1325
132112,Balatro,2024,"Mac, Mobile, Nintendo Switch, PC, PlayStation 4, PlayStation 5, Xbox One, Xbox Series X/S",86,7.74,46.4,251.04,27.47,3927,4714,375,514
51390,Slay the Spire,2019,"Linux, Mac, Mobile, Nintendo Switch, PC, PlayStation 4, Xbox One",85,12.46,47.33,191.31,38.01,4939,11117,266,952
26803,Dark Souls III,2016,"PC, PlayStation 4, Xbox One",90,31.19,48.42,100.65,50.11,16930,15332,157,1006
319,Alan Wake,2010,"PC, Xbox 360",78,11.2,14.42,27.45,13.2,12867,15811,153,1227
44022,Middle-Earth: Shadow of War,2017,"PC, PlayStation 4, Xbox One",77,21.05,36.5,56.99,37.44,5919,16773,172,943
39417,Little Nightmares,2017,"Google Stadia, Mobile, Nintendo Switch, Nintendo Switch 2, PC, PlayStation 4, PlayStation 5, Xbox One, Xbox Series X/S",78,3.57,5.17,9.17,4.31,10600,15987,168,817
20074,No Man's Sky,2016,"Mac, Nintendo Switch, PC, PlayStation 4, PlayStation 5, Xbox One",73,32.44,77.08,157.87,75.25,2329,11200,275,2101
42818,Celeste,2018,"Google Stadia, Linux, Mac, Nintendo Switch, PC, PlayStation 4, Xbox One",88,8.32,14.67,39.15,12.76,14603,13753,197,875
38051,Resident Evil 7: Biohazard,2017,"Google Stadia, Mac, Mobile, Nintendo Switch, Nintendo Switch 2, PC, PlayStation 4, PlayStation 5, Xbox One, Xbox Series X/S",83,9.21,12.02,28.33,10.76,13650,10972,149,433
65945,Hollow Knight: Silksong,2025,"Linux, Mac, Nintendo Switch, Nintendo Switch 2, PC, PlayStation 4, PlayStation 5, Xbox One, Xbox Series X/S",91,28.25,47.27,65.37,50.0,4188,3824,252,220
38019,The Legend of Zelda: Breath of the Wild,2017,"Nintendo Switch, Nintendo Switch 2, Wii U",93,50.31,98.39,193.65,92.67,23812,10141,217,988
21252,Dying Light,2015,"Linux, Mac, PC, PlayStation 4, Xbox One",79,18.25,36.65,64.42,31.71,10515,11388,197,1223
4247,Half-Life,1998,"Dreamcast, Linux, Mac, PC, PlayStation 2",83,11.99,14.13,15.45,12.61,13869,17726,199,1540
4073,Grand Theft Auto: San Andreas,2004,"Mobile, Nintendo Switch, PC, PlayStation 2, PlayStation 3, PlayStation 4, Xbox, Xbox 360",88,30.12,44.3,69.23,41.35,11733,12224,139,1741
87873,Valheim,2026,"Nintendo Switch 2, PC, PlayStation 5, Xbox One, Xbox Series X/S",77,80.0,119.22,,106.59,1590,7566,219,1245
56787,Moonlighter,2018,"Google Stadia, Mobile, Nintendo Switch, PC, PlayStation 4, Xbox One",73,14.06,20.62,29.82,17.24,2314,9481,136,654
57514,Devil May Cry 5,2019,"Amazon Luna, PC, PlayStation 4, Xbox One",84,11.14,16.85,78.57,13.61,8546,11003,192,419
129805,Persona 3 Reload,2024,"Nintendo Switch 2, PC, PlayStation 4, PlayStation 5, Xbox One, Xbox Series X/S",89,64.91,85.68,99.59,84.43,4969,4634,222,227
102750,Vampire Survivors,2022,"Mac, Mobile, Nintendo Switch, PC, PlayStation 4, PlayStation 5, Xbox One, Xbox Series X/S",82,16.37,30.12,58.19,38.83,5395,8314,294,947
10267,The Witcher,2007,"Mac, PC",77,35.18,46.01,63.88,46.49,10892,19265,170,2501
57527,Outer Wilds,2019,"Nintendo Switch, PC, PlayStation 4, PlayStation 5, Xbox One, Xbox Series X/S",90,17.09,22.73,29.15,22.13,6824,11137,174,818
83146,God of War: Ragnarök,2022,"PC, PlayStation 4, PlayStation 5",89,26.57,40.67,55.65,43.54,11697,5548,155,171
160618,Dispatch,2025,"Amazon Luna, Nintendo Switch, Nintendo Switch 2, PC, PlayStation 5, Xbox Series X/S",87,8.56,10.31,20.21,9.41,4931,1902,172,34
78135,Mafia: Definitive Edition,2020,"Google Stadia, PC, PlayStation 4, PlayStation 5, Xbox One, Xbox Series X/S",80,10.63,13.16,24.56,12.26,9459,8436,122,241
4530,Hotline Miami,2012,"Google Stadia, Linux, Mac, Mobile, Nintendo Switch, PC, PlayStation 3, PlayStation 4, PlayStation Vita, Xbox One",82,5.24,7.32,15.19,6.76,13941,14161,174,1328
12676,Batman: Arkham Origins,2013,"PC, PlayStation 3, Wii U, Xbox 360",75,12.47,21.92,41.34,18.58,11932,15448,148,834
93457,Death Stranding: Director's Cut,2021,"Amazon Luna, Mobile, PC, PlayStation 5, Xbox Series X/S",86,38.26,59.55,111.49,59.12,4345,9393,194,452
57415,Sekiro: Shadows Die Twice,2019,"Google Stadia, PC, PlayStation 4, Xbox One",92,30.27,43.04,70.0,45.73,10990,11657,179,967
5918,Metal Gear Solid V: The Phantom Pain,2015,"PC, PlayStation 3, PlayStation 4, Xbox 360, Xbox One",84,45.69,81.14,162.77,80.02,9304,18402,139,1420
3378,Far Cry 3,2012,"Nintendo Switch 2, PC, PlayStation 3, PlayStation 4, Xbox 360, Xbox One",82,15.95,25.48,36.07,24.15,17612,13117,154,1213
14831,Grand Theft Auto IV: The Complete Edition,2010,"PC, PlayStation 3, Xbox 360",83,30.79,51.9,100.88,47.47,4254,7611,198,567
53247,Horizon Zero Dawn - Complete Edition,2017,"PC, PlayStation 4, PlayStation 5",84,28.93,52.13,75.62,54.17,13175,14025,193,982
52493,Monster Hunter: World,2018,"PC, PlayStation 4, Xbox One",83,46.55,115.28,432.89,108.92,6917,12425,222,1926
163535,PEAK,2025,PC,78,6.06,17.17,44.79,11.34,1216,2160,261,222
79859,Marvel's Spider-Man: Miles Morales,2020,"PC, PlayStation 4, PlayStation 5",81,7.82,12.55,18.55,13.43,15804,5749,104,219
39525,Divinity: Original Sin II,2017,"Mobile, Nintendo Switch, Nintendo Switch 2, PC, PlayStation 4, PlayStation 5, Xbox One, Xbox Series X/S",88,59.23,101.51,158.25,102.14,5011,13816,191,1178
9782,The Binding of Isaac: Rebirth,2014,"Linux, Mac, Mobile, Nintendo 3DS, Nintendo Switch, Nintendo Switch 2, PC, PlayStation 4, PlayStation 5, PlayStation Vita, Wii U, Xbox One, Xbox Series X/S",85,5.6,98.22,392.93,125.44,3827,7829,321,1007
23740,Subnautica,2018,"Nintendo Switch, Nintendo Switch 2, PC, PlayStation 4, PlayStation 5, Xbox One, Xbox Series X/S",85,29.56,42.36,51.61,41.21,6486,11560,206,1344
102192,Shadow of the Tomb Raider: Definitive Edition,2018,"Google Stadia, Linux, Mac, PC, PlayStation 4, Xbox One",77,12.84,26.12,42.44,22.87,5039,10748,143,281
174970,Forza Horizon 6,2026,"PC, PlayStation 5, Xbox Series X/S",84,27.47,42.11,98.94,42.63,847,528,415,95
62047,Blasphemous,2019,"Linux, Mac, Mobile, Nintendo Switch, PC, PlayStation 4, Xbox One",80,14.0,20.03,31.58,19.73,4793,11529,185,619
12649,Payday 2,2013,"Linux, Nintendo Switch, PC, PlayStation 3, PlayStation 4, Xbox 360, Xbox One",71,26.8,156.66,533.51,136.5,3543,14070,206,4570
141831,Big Walk,2026,"Mac, Nintendo Switch 2, PC, PlayStation 5",89,11.68,13.71,18.94,14.98,319,201,192,6
38000,Titanfall 2,2016,"PC, PlayStation 4, Xbox One",84,6.09,8.32,16.1,7.04,12470,10042,155,475
118218,Hades II,2025,"Nintendo Switch, Nintendo Switch 2, PC, PlayStation 5, Xbox Series X/S",90,32.02,53.17,104.37,55.85,2541,4044,245,125
56677,Dark Souls: Remastered,2018,"Nintendo Switch, PC, PlayStation 4, Xbox One",89,29.25,44.01,68.23,44.51,10986,8923,158,578
57095,Graveyard Keeper,2018,"Nintendo Switch, PC, PlayStation 4, Xbox One",75,46.1,56.78,73.03,58.46,1494,8293,172,575
4075,Grand Theft Auto: Vice City,2002,"Mobile, Nintendo Switch, PC, PlayStation 2, PlayStation 4, PlayStation 5, Xbox, Xbox One, Xbox Series X/S",83,16.77,23.74,37.62,22.52,8877,10584,112,1312
9859,The Elder Scrolls V: Skyrim,2011,"PC, PlayStation 3, Xbox 360",86,35.3,110.19,240.27,115.19,17504,16892,144,3674
101254,"Warhammer 40,000: Space Marine II",2024,"Nintendo Switch 2, PC, PlayStation 5, Xbox Series X/S",79,9.41,15.65,64.26,11.84,3183,2750,177,150
3521,Final Fantasy VII,1997,"Mobile, Nintendo Switch, PC, PlayStation, PlayStation 4, Xbox One",90,35.96,48.57,78.67,47.3,10813,13958,160,896
6974,Persona 4 Golden,2012,"Nintendo Switch, PC, PlayStation 4, PlayStation Vita, Xbox One, Xbox Series X/S",91,66.98,84.25,132.97,81.99,9395,12928,135,528
79790,Stray,2022,"Mac, Nintendo Switch, Nintendo Switch 2, PC, PlayStation 4, PlayStation 5, Xbox One, Xbox Series X/S",80,5.15,6.67,10.32,6.52,11913,6249,144,396
21680,Cuphead,2017,"Mac, Nintendo Switch, PC, PlayStation 4, Xbox One",87,10.57,16.07,27.98,15.94,9136,11659,188,1290
65882,Borderlands 3,2019,"Google Stadia, Nintendo Switch, PC, PlayStation 4, PlayStation 5, Xbox One, Xbox Series X/S",74,23.43,46.48,84.63,42.93,6851,12514,149,903
21702,Life Is Strange,2015,"Google Stadia, Linux, Mac, Mobile, PC, PlayStation 3, PlayStation 4, Xbox 360, Xbox One",84,14.14,16.44,18.52,16.15,18737,15539,126,1197
84851,Mass Effect Legendary Edition,2021,"PC, PlayStation 4, Xbox One",91,61.19,101.68,137.57,109.24,3978,11378,181,302
72589,The Legend of Zelda: Tears of the Kingdom,2023,"Nintendo Switch, Nintendo Switch 2",92,59.29,117.19,247.52,113.36,7892,5733,161,428
148973,Kingdom Come: Deliverance II,2025,"Nintendo Switch 2, PC, PlayStation 5, Xbox Series X/S",90,55.54,100.71,146.3,103.87,1764,2845,181,133
1957,Counter-Strike 2,2012,"Linux, PC, PlayStation 3, Xbox 360",73,140.97,392.69,709.04,394.2,4198,9581,294,6115
94122,Crimson Desert,2026,"Mac, PC, PlayStation 5, Xbox Series X/S",78,69.21,140.26,256.7,133.41,324,1130,245,109
26731,Dishonored 2,2016,"PC, PlayStation 4, Xbox One",82,12.51,22.76,45.99,21.14,8235,14567,114,571
44590,Prey,2017,"PC, PlayStation 4, Xbox One",83,16.41,27.92,46.64,26.99,7007,14356,132,811
16886,Wolfenstein: The New Order,2014,"PC, PlayStation 3, PlayStation 4, Xbox 360, Xbox One",79,11.36,15.33,24.38,13.62,15181,13004,134,683
41638,Hellblade: Senua's Sacrifice,2017,"Nintendo Switch, PC, PlayStation 4, PlayStation 5, Xbox One, Xbox Series X/S",80,7.54,8.2,9.23,8.17,11775,14033,103,777
36755,Ori and the Blind Forest: Definitive Edition,2016,"Nintendo Switch, PC, Xbox One",84,9.08,11.36,12.83,10.76,13125,13872,135,760
57503,Assassin's Creed Odyssey,2018,"Google Stadia, Nintendo Switch, PC, PlayStation 4, Xbox One",79,45.66,85.59,145.44,95.72,11509,10980,175,1077
56524,House Flipper,2018,"Mac, Mobile, Nintendo Switch, PC, PlayStation 4, Xbox One",71,13.21,27.91,49.8,26.42,1513,6352,187,635
115577,Dave The Diver,2023,"Amazon Luna, Mobile, Nintendo Switch, Nintendo Switch 2, PC, PlayStation 4, PlayStation 5, Xbox One, Xbox Series X/S",84,25.07,34.08,51.71,36.03,3358,5973,270,501
109104,The Last of Us Part I,2022,"PC, PlayStation 5",91,14.3,17.97,24.56,17.4,7292,3902,136,138
94128,Dredge,2023,"Mobile, Nintendo Switch, PC, PlayStation 4, PlayStation 5, Xbox One, Xbox Series X/S",81,9.68,12.9,20.87,13.83,4723,6284,153,321
114905,Silent Hill 2,2024,"PC, PlayStation 5, Xbox Series X/S",87,16.06,18.73,32.35,17.84,4373,2842,126,106
80199,It Takes Two,2021,"Nintendo Switch, Nintendo Switch 2, PC, PlayStation 4, PlayStation 5, Xbox One, Xbox Series X/S",88,12.83,14.21,16.47,14.14,10797,5328,168,449
5916,Metal Gear Solid 4: Guns of the Patriots,2008,"Nintendo Switch, Nintendo Switch 2, PC, PlayStation 3, PlayStation 5, Xbox Series X/S",86,18.21,21.09,37.03,19.52,4424,3491,51,113
5304,Limbo,2010,"Linux, Mac, Mobile, Nintendo Switch, PC, PlayStation 3, PlayStation 4, PlayStation Vita, Xbox 360, Xbox One",76,3.58,4.18,6.79,4.02,18321,15856,130,1228
7722,Resident Evil 5,2009,"Nintendo Switch, PC, PlayStation 3, PlayStation 4, Xbox 360, Xbox One",72,12.05,16.71,35.37,14.49,9380,10632,113,537
651,Assassin's Creed II,2009,"Nintendo Switch, PC, PlayStation 3, PlayStation 4, Xbox 360, Xbox One",84,19.29,26.18,35.49,26.06,19907,9869,118,894
129956,Metaphor: ReFantazio,2024,"Nintendo Switch 2, PC, PlayStation 4, PlayStation 5, Xbox Series X/S",88,65.36,88.33,109.32,89.19,3488,4172,165,201
43056,Yakuza 0,2015,"Nintendo Switch 2, PC, PlayStation 3, PlayStation 4, Xbox One",90,31.57,64.26,145.03,57.59,11229,14548,134,691
97313,Cult of the Lamb,2022,"Mobile, Nintendo Switch, PC, PlayStation 4, PlayStation 5, Xbox One, Xbox Series X/S",80,14.7,20.2,30.12,19.97,5028,6778,222,547
108358,Star Wars Jedi: Survivor,2023,"PC, PlayStation 4, PlayStation 5, Xbox One, Xbox Series X/S",82,20.59,33.97,55.33,33.67,6294,5272,130,210
65967,Risk of Rain 2,2020,"Google Stadia, Nintendo Switch, PC, PlayStation 4, PlayStation 5, Xbox One, Xbox Series X/S",82,10.91,44.15,147.93,45.31,3224,8596,178,840
21248,Borderlands: The Pre-Sequel!,2014,"Linux, Mac, Nintendo Switch, PC, PlayStation 3, PlayStation 4, Xbox 360, Xbox One",70,18.13,29.47,60.7,27.49,6686,16460,133,1449
7720,Resident Evil 4,2005,"Mobile, Nintendo GameCube, Nintendo Switch, PC, PlayStation 2, PlayStation 3, PlayStation 4, Wii, Xbox 360, Xbox One",89,15.62,19.53,32.36,18.21,12459,12049,99,633
95927,Dead Space,2023,"PC, PlayStation 5, Xbox Series X/S",83,12.15,16.21,30.16,15.55,4597,5426,156,221
77729,Assassin's Creed Valhalla,2020,"Google Stadia, PC, PlayStation 4, PlayStation 5, Xbox One, Xbox Series X/S",71,61.27,99.53,152.57,106.04,5130,6875,146,886
4061,Grand Theft Auto III,2001,"Mobile, Nintendo Switch, PC, PlayStation 2, PlayStation 4, PlayStation 5, Xbox, Xbox One, Xbox Series X/S",75,13.85,20.12,36.39,18.75,6882,9654,107,1276
22621,Halo: The Master Chief Collection,2014,"PC, Xbox One",86,43.42,69.79,310.21,58.49,3737,10532,204,537
83152,Final Fantasy XVI,2023,"PC, PlayStation 5, Xbox Series X/S",82,38.29,59.43,82.46,59.26,5680,4373,144,216
26629,ARK: Survival Evolved,2017,"Google Stadia, Mac, Mobile, Nintendo Switch, PC, PlayStation 4, Xbox One",66,67.02,313.74,928.29,312.82,1490,10861,160,3066
1280,Borderlands: Game of the Year,2010,"Nintendo Switch, OnLive, PC, PlayStation 3, PlayStation 4, Xbox 360, Xbox One",75,20.55,35.69,72.66,34.21,5437,11482,127,959
2846,Dragon's Dogma: Dark Arisen,2013,"Nintendo Switch, PC, PlayStation 3, PlayStation 4, Xbox 360, Xbox One",78,32.69,52.94,113.42,50.96,3439,14350,106,1138
2243,Darksiders,2010,"Nintendo Switch, OnLive, PC, PlayStation 3, PlayStation 4, PlayStation 5, Wii U, Xbox 360, Xbox One, Xbox Series X/S",75,17.08,20.42,28.03,19.84,8575,17378,131,2192
1100,Black Mesa,2020,PC,83,15.31,18.63,29.01,17.14,5667,11502,129,490
7725,Resident Evil 6,2012,"Nintendo Switch, PC, PlayStation 3, PlayStation 4, Xbox 360, Xbox One",63,20.8,27.2,51.79,23.71,6165,10515,137,728
72584,Marvel's Guardians of the Galaxy,2021,"Nintendo Switch, Nintendo Switch 2, PC, PlayStation 4, PlayStation 5, Xbox One, Xbox Series X/S",82,17.59,20.38,26.01,19.94,8155,8516,107,351
1023,Beyond: Two Souls,2013,"PC, PlayStation 3, PlayStation 4",73,10.65,12.4,28.35,11.75,5931,7263,119,270
169287,Mortal Shell II,2026,"PC, PlayStation 5, Xbox Series X/S",79,29.38,30.47,44.67,34.23,178,229,67,16
4377,Heavy Rain,2010,"PC, PlayStation 3, PlayStation 4",77,9.99,12.05,22.16,10.91,7715,7306,107,305
169519,Splatoon Raiders,2026,Nintendo Switch 2,85,14.26,20.73,41.5,19.05,420,223,195,6
25311,Dark Souls II: Scholar of the First Sin,2015,"PC, PlayStation 3, PlayStation 4, Xbox 360, Xbox One",78,35.5,61.07,102.24,59.37,10254,11835,111,840
93945,A Plague Tale: Requiem,2022,"Nintendo Switch, PC, PlayStation 5, Xbox Series X/S",83,16.98,19.57,27.35,19.04,4645,5854,88,189
23828,Don't Starve Together,2014,"Linux, Mac, Nintendo Switch, PC, PlayStation 4, Xbox One",72,34.26,110.3,216.47,81.39,1476,11088,198,3064
156426,Mindcop,2024,"Nintendo Switch, PC, PlayStation 5",77,4.5,7.27,11.46,5.51,41,236,5,1
92418,Lies of P,2023,"Mac, Nintendo Switch 2, PC, PlayStation 4, PlayStation 5, Xbox One, Xbox Series X/S",87,28.34,36.29,58.12,36.72,4896,4324,131,359
82089,Black Myth: Wukong,2024,"PC, PlayStation 5, Xbox Series X/S",86,37.74,48.4,67.82,50.73,2600,3340,164,280
28279,XCOM 2,2016,"Linux, Mac, Mobile, Nintendo Switch, PC, PlayStation 4, Xbox One",83,33.23,48.04,89.47,45.16,3977,14647,111,875
22535,Darkest Dungeon,2016,"Linux, Mac, Nintendo Switch, PC, PlayStation 4, PlayStation Vita, Xbox One",79,56.75,85.16,128.7,80.15,1907,12670,166,1871
9111,Star Wars: Knights of the Old Republic,2003,"Mobile, Nintendo Switch, PC, Xbox",87,28.78,36.71,49.1,36.35,6350,16083,112,1013
966,Bayonetta,2009,"Nintendo Switch, PC, PlayStation 3, PlayStation 4, Wii U, Xbox 360, Xbox One",81,11.57,15.47,41.81,13.09,9197,13050,97,713
109042,Astral Ascent,2022,"Nintendo Switch, PC, PlayStation 4, PlayStation 5",80,15.19,23.49,51.27,22.14,170,2472,47,53
62257,GRIS,2018,"Mac, Mobile, Nintendo Switch, PC, PlayStation 4, PlayStation 5, Xbox One, Xbox Series X/S",80,3.55,4.15,6.47,4.15,9759,9808,110,375
37867,Sid Meier's Civilization VI,2016,"Linux, Mac, Mobile, Nintendo Switch, PC, PlayStation 4, Xbox One",79,23.36,99.05,387.6,63.37,2920,11899,188,1515
6085,Mirror's Edge,2008,"PC, PlayStation 3, Xbox 360",75,6.09,8.12,12.5,6.61,12683,13840,102,1548
74207,Among Us,2018,"Mobile, Nintendo Switch, PC, PlayStation 4, PlayStation 5, Xbox One, Xbox Series X/S",70,9.01,17.85,29.57,15.57,2843,6297,182,3113
46428,Ori and the Will of the Wisps,2020,"Nintendo Switch, PC, Xbox One, Xbox Series X/S",89,12.01,15.73,18.32,15.55,7968,9852,102,317
16638,Alien: Isolation,2014,"Linux, Mac, Mobile, Nintendo Switch, PC, PlayStation 3, PlayStation 4, Xbox 360, Xbox One",83,18.3,22.52,34.03,20.8,5539,14706,116,1075
17394,Luftrausers,2014,"Browser, Linux, Mac, PC, PlayStation 3, PlayStation Vita",69,3.99,5.5,14.26,6.11,597,3096,23,432
4249,Half-Life 2: Deathmatch,2004,"Linux, Mac, PC",68,2.51,8.66,18.53,6.94,1208,12993,130,3960
23651,Sleeping Dogs: Definitive Edition,2014,"PC, PlayStation 4, Xbox One",81,14.34,23.54,41.59,23.93,6944,12306,158,517
18962,The Forest,2018,"PC, PlayStation 4",73,15.78,28.44,59.44,25.85,4930,8808,175,1391
123732,Orbitals,2026,Nintendo Switch 2,78,6.01,6.09,6.31,6.06,79,159,79,2
51768,Warhammer: Vermintide 2,2018,"PC, PlayStation 4, Xbox One",72,10.81,28.66,124.43,24.29,1748,9832,160,1131
2448,Deponia,2012,"Linux, Mac, Nintendo Switch, PC, PlayStation 4, Xbox One",72,8.11,9.56,10.31,9.15,2869,6901,98,549
13407,Outlast,2013,"Linux, Mac, Nintendo Switch, PC, PlayStation 4, Xbox One",77,5.14,7.28,11.47,6.33,7393,12631,123,1095
71931,Yakuza: Like a Dragon,2020,"PC, PlayStation 4, PlayStation 5, Xbox One, Xbox Series X/S",87,46.12,68.01,102.86,67.97,5593,10006,110,360
3847,Garry's Mod,2006,"Linux, Mac, PC",77,55.69,284.68,557.09,168.47,2387,9821,194,4087
26806,Firewatch,2016,"PC, Nintendo Switch, PlayStation 4, Xbox One",78,4.07,4.67,5.17,4.47,15698,8412,100,321
27113,Rocket League,2015,"Nintendo Switch, PC, PlayStation 4, Xbox One",78,4.71,27.05,106.22,49.87,4114,7832,187,3097
21694,Inside,2016,"Mobile, Nintendo Switch, PC, PlayStation 4, Xbox One",82,3.56,4.04,4.69,4.01,13540,9747,89,272
12707,Assassin's Creed IV: Black Flag,2013,"Google Stadia, Nintendo Switch, PC, PlayStation 3, PlayStation 4, Wii U, Xbox 360, Xbox One",82,23.42,41.08,61.97,39.53,14303,12497,114,1204
4475,Hitman: Absolution,2012,"Mobile, Nintendo Switch, Nintendo Switch 2, PC, PlayStation 3, PlayStation 4, Xbox 360, Xbox One",74,12.29,19.85,37.25,15.93,6486,12630,106,1112
22906,Resident Evil: HD Remaster,2014,"Nintendo Switch, PC, PlayStation 3, PlayStation 4, Xbox 360, Xbox One",83,11.22,14.94,32.16,13.85,5796,10628,124,425
1556,Castle Crashers,2008,"Nintendo Switch, PC, PlayStation 3, PlayStation 4, Xbox 360, Xbox One",75,7.16,13.13,34.38,10.37,6919,10893,131,1616
52546,Tunic,2022,"Nintendo Switch, PC, PlayStation 4, PlayStation 5, Xbox One, Xbox Series X/S",84,12.31,16.65,21.66,16.64,4042,4789,101,411
176192,Halo: Campaign Evolved,2026,"PC, PlayStation 5, Xbox Series X/S",75,8.69,12.36,27.63,10.77,596,254,147,25
41585,Frostpunk,2018,"Nintendo Switch, PC, PlayStation 4, Xbox One",81,10.65,25.14,55.91,16.25,3337,9836,125,634
46402,Assassin's Creed Origins,2017,"Google Stadia, PC, PlayStation 4, Xbox One",79,30.17,52.6,85.79,57.29,12835,10285,141,889
25434,Deus Ex: Mankind Divided,2016,"Linux, Mac, PC, PlayStation 4, Xbox One",78,16.07,31.03,52.85,30.08,5673,15386,93,652
107896,Nine Sols,2024,"Mac, Nintendo Switch, PC, PlayStation 4, PlayStation 5, Xbox One, Xbox Series X/S",86,21.72,27.4,31.62,27.8,1550,3228,119,179
47169,Deep Rock Galactic,2020,"PC, PlayStation 4, PlayStation 5, Xbox One",80,43.09,137.22,479.96,113.45,1200,7937,168,1043
17610,Mad Max,2015,"PC, PlayStation 4, Xbox One",75,20.1,38.88,61.55,40.07,6491,12542,121,1023
4253,Half-Life Deathmatch: Source,2005,"Linux, Mac, PC",60,2.34,2.5,3.33,2.55,863,12562,117,3516
46420,Wolfenstein II: The New Colossus,2017,"Nintendo Switch, PC, PlayStation 4, Xbox One",78,10.75,17.07,33.65,13.61,7359,8965,93,312
3199,Euro Truck Simulator 2,2012,"Linux, Mac, PC",80,45.53,117.65,457.98,138.61,1282,8134,214,1694
3342,Fallout 3: Game of the Year Edition,2009,"Amazon Luna, PC, PlayStation 3, Xbox 360",81,26.02,57.65,105.94,56.25,7552,12824,124,1018
26404,Just Cause 3,2015,"PC, PlayStation 4, Xbox One",73,18.34,37.93,63.78,39.09,5124,12276,118,1151
649,Assassin's Creed,2007,"PC, PlayStation 3, Xbox 360",70,14.87,20.03,30.52,18.21,15235,7828,106,1114
1273,Borderlands,2009,"PC, PlayStation 3, Xbox 360",75,22.16,35.13,64.27,32.55,11752,13028,106,2336
31400,Divinity: Original Sin - Enhanced Edition,2015,"PC, PlayStation 4, Xbox One",80,60.27,83.04,109.79,82.96,2833,11011,106,1034
76454,Sea of Stars,2023,"Mobile, Nintendo Switch, Nintendo Switch 2, PC, PlayStation 4, PlayStation 5, Xbox One, Xbox Series X/S",84,27.98,35.51,43.75,35.68,3016,4390,121,321
129232,Helldivers 2,2024,"PC, PlayStation 5, Xbox Series X/S",83,31.85,65.28,87.1,67.15,1233,3160,227,669
151986,Doom: The Dark Ages,2025,"PC, PlayStation 5, Xbox Series X/S",82,14.27,19.36,24.56,19.48,2512,1816,131,120
1705,Chrono Trigger,1995,"Mobile, Nintendo DS, PC, PlayStation, Super Nintendo",91,23.01,26.63,41.62,26.44,6201,10090,121,418
6916,"Papers, Please",2013,"Mobile, PC, PlayStation 4, PlayStation Vita",81,5.02,8.17,16.16,7.39,8176,12001,140,1368
440,Amnesia: The Dark Descent,2010,"Linux, Mac, Nintendo Switch, PC, PlayStation 4, Xbox One",78,7.96,9.1,11.81,8.51,5525,18223,92,2126
113583,Like a Dragon: Infinite Wealth,2024,"PC, PlayStation 4, PlayStation 5, Xbox One, Xbox Series X/S",88,57.06,84.11,118.39,85.48,2250,2764,77,50
91622,Inscryption,2021,"Nintendo Switch, PC, PlayStation 4, PlayStation 5, Xbox One, Xbox Series X/S",86,12.83,15.67,31.84,15.11,5935,6578,114,500
8833,South Park: The Stick of Truth,2014,"PC, Nintendo Switch, PlayStation 3, PlayStation 4, Xbox 360, Xbox One",83,11.39,14.73,21.23,14.51,13014,10825,99,631
7372,Psychonauts,2005,"Linux, Mac, PC, PlayStation 2, PlayStation 4, Xbox",81,12.01,15.28,21.67,14.93,6334,18872,112,1159
89091,Sifu,2022,"Nintendo Switch, PC, PlayStation 4, PlayStation 5, Xbox One, Xbox Series X/S",80,7.78,14.0,22.5,11.91,3037,6742,119,446
97758,Stellar Blade,2024,"Nintendo Switch 2, PC, PlayStation 5",86,22.67,37.32,57.18,39.2,2940,2367,173,99
6064,Minecraft,2011,"Linux, Mac, Mobile, Nintendo 3DS, Nintendo Switch, Nintendo Switch 2, PC, PlayStation 3, PlayStation 4, PlayStation 5, PlayStation Vita, Wii U, Xbox 360, Xbox One, Xbox Series X/S",89,65.33,143.15,288.55,134.9,7746,2381,188,1176
7676,Red Dead Redemption,2010,"Mobile, Nintendo Switch, Nintendo Switch 2, PC, PlayStation 3, PlayStation 4, PlayStation 5, Xbox 360, Xbox Series X/S",87,17.6,25.88,46.43,23.89,9844,5740,98,430
11101,Watch Dogs,2014,"Google Stadia, PC, PlayStation 3, PlayStation 4, Wii U, Xbox 360, Xbox One",72,19.57,33.23,62.76,28.44,8274,7907,125,927
61488,Breathedge,2021,"Nintendo Switch, PC, PlayStation 4, PlayStation 5, Xbox One, Xbox Series X/S",64,16.31,24.84,34.01,23.96,375,3042,70,200
3338,Fallout,1997,PC,80,16.25,22.87,32.07,21.85,3140,14575,108,1095
33740,Slime Rancher,2017,"Linux, Mac, Nintendo Switch, PC, PlayStation 4, Xbox One",78,14.71,22.83,38.26,23.46,3305,7758,146,863
24640,Cities: Skylines,2015,"Linux, Mac, Nintendo Switch, PC, PlayStation 4, PlayStation 5, Xbox One, Xbox Series X/S",78,27.61,71.8,180.95,57.23,2228,11499,138,2269
9112,Star Wars: Knights of the Old Republic II - The Sith Lords,2004,"Mobile, Nintendo Switch, PC, Xbox",85,30.37,40.89,54.67,41.19,3735,14124,69,533
19310,Far Cry 4,2014,"PC, PlayStation 3, PlayStation 4, Xbox 360, Xbox One",76,17.82,31.26,46.91,30.77,9206,8003,106,748
187305,The Legend of Zelda: Ocarina of Time,2026,Nintendo Switch 2,0,,,,,1,208,7,0
132657,Shogun Showdown,2024,"Linux, Mac, Nintendo Switch, PC, PlayStation 4, PlayStation 5, Xbox One, Xbox Series X/S",78,10.47,20.21,62.79,18.45,182,1667,40,45
122891,Hi-Fi Rush,2023,"PC, PlayStation 5, Xbox Series X/S",86,11.2,14.12,60.31,12.63,4919,6369,93,441
5209,Left 4 Dead,2008,"PC, Xbox 360",79,6.98,19.14,59.09,11.03,6492,10716,123,1865
83169,Monster Hunter Rise,2021,"Nintendo Switch, PC, PlayStation 4, PlayStation 5, Xbox One, Xbox Series X/S",82,23.42,82.51,185.53,58.82,3396,6540,116,617
22549,Soma,2015,"Linux, Mac, Nintendo Switch, PC, PlayStation 4, Xbox One",83,9.07,10.92,11.03,10.13,5270,9963,96,455
46467,Black Desert,2017,"PC, PlayStation 4, Xbox One",68,92.86,287.31,2060.45,393.11,669,7904,148,2490
9389,Super Meat Boy,2010,"Linux, Mac, Mobile, Nintendo Switch, PC, PlayStation 4, PlayStation Vita, Wii U, Xbox 360",79,9.18,18.53,46.37,14.01,5088,14701,134,2606
169298,BALL x PIT,2025,"Mac, Mobile, Nintendo Switch, Nintendo Switch 2, PC, PlayStation 5, Xbox Series X/S",82,19.08,24.76,35.87,26.53,1433,944,152,104
71960,Diablo IV,2023,"Nintendo Switch 2, PC, PlayStation 4, PlayStation 5, Xbox One, Xbox Series X/S",75,25.84,49.0,193.58,44.31,3282,2301,118,384
129948,Star Wars Outlaws,2024,"Nintendo Switch 2, PC, PlayStation 5, Xbox Series X/S",71,18.41,36.45,66.49,34.42,1454,1586,125,113
94203,Gravity Circuit,2023,"Linux, Mac, Nintendo Switch, PC, PlayStation 4, PlayStation 5",80,4.98,6.3,13.45,6.16,444,2796,98,66
46381,Crash Bandicoot N. Sane Trilogy,2017,"Nintendo Switch, PC, PlayStation 4, Xbox One",79,14.97,24.13,47.28,23.46,4226,10598,124,675
39484,Yakuza Kiwami,2016,"Nintendo Switch, Nintendo Switch 2, PC, PlayStation 3, PlayStation 4, PlayStation 5, Xbox One, Xbox Series X/S",81,17.96,33.16,84.09,30.06,8292,10844,83,295
869,Bastion,2011,"Linux, Mac, Mobile, Nintendo Switch, PC, PlayStation 4, PlayStation Vita, Xbox 360, Xbox One",80,6.24,9.3,20.56,8.32,15015,16862,98,1456
71968,Tell Me Why,2020,"PC, Xbox One",72,9.69,11.17,13.73,11.04,2377,9964,104,418
62935,The Outer Worlds,2019,"Nintendo Switch, PC, PlayStation 4, Xbox One",76,13.33,26.64,40.71,26.77,5875,7029,79,653
2767,Dragon Age: Origins - Ultimate Edition,2010,"PC, PlayStation 3, Xbox 360",88,49.35,70.92,104.84,73.08,4503,10341,97,712
78142,Mafia II: Definitive Edition,2020,"Google Stadia, PC, PlayStation 4, Xbox One",76,11.32,15.55,36.76,13.96,3685,8402,83,251
2701,Doom,1993,"3DO, Atari Jaguar, Game Boy Advance, Linux, Mobile, NEC PC-98, Nintendo Switch, PC, PlayStation, PlayStation 3, PlayStation 4, PlayStation 5, Sega 32X, Sega Saturn, Super Nintendo, Xbox 360, Xbox One, Xbox Series X/S",82,5.01,7.56,9.8,6.19,3983,5110,75,348
661,Assassin's Creed: Brotherhood,2010,"Nintendo Switch, OnLive, PC, PlayStation 3, PlayStation 4, Xbox 360, Xbox One",81,15.29,25.66,41.61,24.46,14141,7840,73,527
68261,LEGO Star Wars: The Skywalker Saga,2022,"Nintendo Switch, PC, PlayStation 4, PlayStation 5, Xbox One, Xbox Series X/S",75,18.52,34.58,89.87,43.31,2918,6777,127,457
17291,Metal Gear Solid V: Ground Zeroes,2014,"PC, PlayStation 3, PlayStation 4, Xbox 360, Xbox One",74,1.88,6.67,20.9,3.84,10014,11148,73,427
10250,The Walking Dead - A Telltale Games Series,2012,"Mac, Mobile, Nintendo Switch, Ouya, PC, PlayStation 3, PlayStation 4, PlayStation Vita, Xbox 360, Xbox One",87,12.48,13.95,14.59,13.42,16495,11828,87,968
68189,Spiritfarer,2020,"Google Stadia, Linux, Mac, Mobile, Nintendo Switch, PC, PlayStation 4, Xbox One",81,25.57,33.07,42.44,35.55,2751,8483,96,525
58533,"Warhammer 40,000: Gladius - Relics of War",2018,"Linux, PC",66,10.97,23.69,59.4,18.67,293,8395,118,368
35549,Enter the Gungeon,2016,"Google Stadia, Mobile, Nintendo Switch, PC, PlayStation 4, Xbox One",80,22.5,62.57,160.01,69.73,2173,9593,133,1290
110262,RoboCop: Rogue City,2023,"PC, PlayStation 5, Xbox Series X/S",75,11.75,15.36,16.82,15.31,2343,3128,97,142
57795,Life Is Strange 2,2018,"Google Stadia, Nintendo Switch, PC, PlayStation 4, Xbox One",73,16.06,18.11,19.97,17.73,3756,6960,73,277
145836,Shin Megami Tensei V: Vengeance,2024,"Nintendo Switch, PC, PlayStation 4, PlayStation 5, Xbox One, Xbox Series X/S",85,45.17,69.77,114.53,67.58,756,2590,93,85
5739,Max Payne 3,2012,"PC, PlayStation 3, Xbox 360",80,10.02,12.95,33.12,10.88,9341,9202,80,485
65835,Satisfactory,2024,"PC, PlayStation 5, Xbox Series X/S",86,111.4,145.9,222.1,156.58,1105,6273,195,559
46093,Far Cry 5,2018,"Google Stadia, PC, PlayStation 4, Xbox One",74,18.39,30.95,47.69,29.41,9025,7587,114,795
38001,Battlefield 1,2016,"PC, PlayStation 4, Xbox One",76,6.68,10.05,26.53,8.2,5463,5033,108,709
9632,Team Fortress 2,2007,"Linux, Mac, PC, Xbox 360",82,290.78,583.14,2346.99,583.63,1137,1860,143,1038
166252,Donkey Kong Bananza,2025,Nintendo Switch 2,88,18.98,30.27,49.08,31.36,2658,1123,124,63
5265,LEGO The Lord of the Rings,2012,"Mobile, Nintendo 3DS, Nintendo DS, PC, PlayStation 3, PlayStation Vita, Wii, Xbox 360",75,10.06,16.92,33.58,19.47,3670,10668,95,537
3505,Final Fantasy IX,2000,"Mobile, Nintendo Switch, PC, PlayStation, PlayStation 4, Xbox One",88,37.91,51.79,81.74,47.38,5778,9857,104,362
141854,Monster Hunter Wilds,2025,"Nintendo Switch 2, PC, PlayStation 5, Xbox Series X/S",82,18.06,45.41,114.68,39.77,2238,2052,143,153
3519,Final Fantasy VI,1994,"Game Boy Advance, Mobile, Nintendo Switch, PC, PlayStation, PlayStation 4, Super Nintendo, Xbox One, Xbox Series X/S",88,33.02,40.51,54.06,39.96,4056,8067,83,354
320,Alan Wake's American Nightmare,2012,"PC, PlayStation 3, Xbox 360",67,3.63,4.67,8.55,4.33,5353,11635,76,673
5905,Metal Gear Rising: Revengeance,2013,"PC, PlayStation 3, Xbox 360",83,7.2,11.63,41.44,9.0,8999,10653,83,610
1487,Call of Juarez: Gunslinger,2013,"Nintendo Switch, PC, PlayStation 3, Xbox 360",76,5.07,7.02,14.02,6.05,6699,10237,98,574
55358,Spyro Reignited Trilogy,2018,"Nintendo Switch, PC, PlayStation 4, Xbox One",81,17.25,26.41,34.0,30.51,3502,10489,124,501
4531,Hotline Miami 2: Wrong Number,2015,"Google Stadia, Mobile, Nintendo Switch, PC, PlayStation 3, PlayStation 4, PlayStation Vita, Xbox One",79,8.78,12.9,33.55,10.98,5204,9388,95,528
113582,Octopath Traveler II,2023,"Nintendo Switch, Nintendo Switch 2, PC, PlayStation 4, PlayStation 5, Xbox One, Xbox Series X/S",87,59.87,82.4,95.14,80.7,1256,4278,109,161
7742,Resident Evil: Revelations,2012,"Nintendo 3DS, Nintendo Switch, PC, PlayStation 3, PlayStation 4, Wii U, Xbox 360, Xbox One",72,8.33,12.71,38.55,9.96,4878,10571,77,382
160592,Split Fiction,2025,"Nintendo Switch 2, PC, PlayStation 5, Xbox Series X/S",88,13.7,14.75,16.2,14.76,3552,1458,128,68
68156,Ghostwire: Tokyo,2022,"PC, PlayStation 5, Xbox Series X/S",73,11.39,22.87,42.22,21.96,3057,6715,78,370
21614,The Elder Scrolls IV: Oblivion - Game of the Year Edition,2007,"PC, PlayStation 3, Xbox 360",83,30.94,82.97,173.76,83.95,2482,8275,90,555
2335,Dead Space 2,2011,"PC, PlayStation 3, Xbox 360",84,9.11,11.55,16.44,10.28,6855,11489,64,482
22658,This War of Mine,2014,"Linux, Mac, Mobile, Nintendo Switch, PC, PlayStation 4, PlayStation 5, Xbox One, Xbox Series X/S",77,11.28,20.15,46.74,16.62,2416,12277,105,1137
90590,Death's Door,2021,"Mobile, Nintendo Switch, PC, PlayStation 4, PlayStation 5, Xbox One, Xbox Series X/S",81,9.2,11.91,15.91,12.37,4551,6257,90,356
43894,Destiny 2,2017,"Google Stadia, PC, PlayStation 4, PlayStation 5, Xbox One, Xbox Series X/S",71,12.24,45.84,199.79,41.38,4245,9798,118,3337
37861,Watch Dogs 2,2016,"Google Stadia, PC, PlayStation 4, Xbox One",75,19.46,31.85,46.62,29.81,6270,7533,116,729
2653,DmC: Devil May Cry,2013,"PC, PlayStation 3, Xbox 360",76,9.16,12.18,40.39,10.84,6786,9566,86,495
5146,L.A. Noire,2011,"Nintendo Switch, PC, PlayStation 3, Xbox 360",79,22.31,29.45,43.1,28.43,6670,12738,116,1174
4905,Just Cause 2,2010,"PC, PlayStation 3, Xbox 360",73,17.73,34.37,85.79,30.84,5210,13925,100,2112
33676,Resident Evil Zero: HD Remaster,2016,"Nintendo Switch, PC, PlayStation 3, PlayStation 4, Xbox 360, Xbox One",70,10.26,13.35,25.91,11.77,2875,8256,99,331
21258,Resident Evil: Revelations 2,2015,"Nintendo Switch, PC, PlayStation 3, PlayStation 4, PlayStation Vita, Xbox 360, Xbox One",72,10.24,15.85,35.18,12.7,3207,9433,75,351
78629,Mafia III: Definitive Edition,2020,"Google Stadia, PC, PlayStation 4, Xbox One",66,25.05,40.87,68.38,39.24,2175,7027,72,384
100069,V Rising,2024,"PC, PlayStation 5",77,50.92,67.69,85.89,68.96,901,4459,102,459
14286,Deus Ex: Human Revolution - Director's Cut,2013,"PC, PlayStation 3, Wii U, Xbox 360",83,23.09,31.09,46.74,31.45,5607,13075,93,737
8510,Sid Meier's Civilization V,2010,"Linux, Mac, PC",83,39.6,124.99,423.14,97.34,4879,11416,109,3178
69898,Ghostrunner,2020,"Amazon Luna, Nintendo Switch, PC, PlayStation 4, PlayStation 5, Xbox One, Xbox Series X/S",76,7.09,9.27,14.52,8.4,3793,8284,90,582
27006,Devil May Cry 4: Special Edition,2015,"PC, PlayStation 4, Xbox One",76,10.95,16.99,70.55,13.37,3154,6405,90,175
664,Assassin's Creed: Revelations,2011,"Nintendo Switch, PC, PlayStation 3, PlayStation 4, Xbox 360, Xbox One",76,12.46,20.64,34.96,18.91,11533,7900,64,544
11401,Xenoblade Chronicles,2010,"Nintendo 3DS, Nintendo Switch, Nintendo Switch 2, Wii",89,56.12,82.53,141.78,76.82,6443,6834,118,524
166969,The Elder Scrolls IV: Oblivion Remastered,2025,"Nintendo Switch 2, PC, PlayStation 5, Xbox Series X/S",80,17.46,52.33,93.58,54.85,1151,2684,133,228
83856,Pathfinder: Wrath of the Righteous,2021,"Nintendo Switch, PC, PlayStation 4, PlayStation 5, Xbox One",83,56.73,138.23,256.56,142.67,647,6055,88,184
141122,The Last of Us Part II Remastered,2024,"PC, PlayStation 5",87,23.07,28.55,45.11,26.85,3101,1855,99,54
136426,Blue Prince,2025,"Mac, Nintendo Switch 2, PC, PlayStation 5, Xbox Series X/S",83,18.39,36.4,104.57,27.94,1775,1994,119,333
7359,Project Zomboid,2011,"Linux, Mac, PC",77,63.52,166.69,433.12,118.49,756,5703,180,793
89353,The Life and Suffering of Sir Brante,2021,"Mobile, PC, PlayStation 4, Xbox One",76,9.45,15.55,35.42,12.63,519,3422,83,65
1472,Call of Duty: Black Ops II,2012,"PC, PlayStation 3, PlayStation 4, PlayStation 5, Wii U, Xbox 360, Xbox One",78,7.06,10.55,30.74,8.38,7502,4109,87,690
57425,Dying Light 2: Stay Human,2022,"PC, PlayStation 4, PlayStation 5, Xbox One, Xbox Series X/S",72,24.42,49.4,102.29,43.36,2808,4108,82,388
8076,Saints Row: The Third,2011,"Linux, PC, PlayStation 3, Xbox 360",78,15.61,27.6,46.0,26.62,12138,12768,105,1373
57650,Bloons TD 6,2018,"Mac, Mobile, PC, PlayStation 4, Xbox One",78,37.31,122.61,592.97,121.2,1093,5040,174,805
5245,LEGO Batman: The Videogame,2008,"Nintendo DS, PC, PlayStation 2, PlayStation 3, PlayStation Portable, PlayStation Vita, Wii, Xbox 360, Xbox One",74,9.94,16.11,29.3,18.0,3935,7098,100,409
31632,Darksiders II: Deathinitive Edition,2015,"Google Stadia, Nintendo Switch, PC, PlayStation 4, PlayStation 5, Xbox One, Xbox Series X/S",75,19.84,29.81,53.07,28.04,2529,11658,84,529
21269,Assassin's Creed: Unity,2014,"Google Stadia, PC, PlayStation 4, Xbox One",71,17.21,35.21,79.63,32.34,8050,8163,99,659
56297,Atomic Heart,2023,"PC, PlayStation 4, PlayStation 5, Xbox One, Xbox Series X/S",72,16.2,25.09,37.71,21.37,2453,3521,126,399
49620,Yakuza Kiwami 2,2017,"Nintendo Switch 2, PC, PlayStation 4, PlayStation 5, Xbox One, Xbox Series X/S",84,18.54,36.32,80.01,34.43,5927,9265,74,139
101237,Alan Wake 2,2023,"Amazon Luna, PC, PlayStation 5, Xbox Series X/S",87,19.07,26.25,32.62,25.92,4564,3420,84,130
14013,The Wolf Among Us,2013,"Mobile, PC, PlayStation 3, PlayStation 4, PlayStation Vita, Xbox 360, Xbox One",84,8.63,9.31,10.96,9.33,11474,9551,58,324
11397,XCOM: Enemy Unknown,2012,"Linux, Mobile, PC, PlayStation 3, PlayStation Vita, Xbox 360",84,26.7,38.11,70.32,34.31,6760,14189,108,1607
38887,Human: Fall Flat,2016,"Google Stadia, Mobile, Nintendo Switch, Nintendo Switch 2, PC, PlayStation 4, PlayStation 5, Xbox One, Xbox Series X/S",72,6.33,12.37,25.95,10.69,2762,5830,116,765
1345,Brütal Legend,2009,"Linux, Mac, PC, PlayStation 3, Xbox 360, Xbox One",71,9.26,14.07,24.82,12.28,3776,13288,94,1407
118447,Blasphemous II,2023,"Nintendo Switch, PC, PlayStation 4, PlayStation 5, Xbox One, Xbox Series X/S",84,16.49,20.8,26.57,21.91,1433,3955,70,90
38003,Days Gone,2019,"PC, PlayStation 4",80,36.58,50.63,65.66,50.8,5792,7690,115,598
5908,Metal Gear Solid,1998,"Nintendo Switch, PC, PlayStation, PlayStation 4, PlayStation 5, Xbox One, Xbox Series X/S",88,11.23,13.0,17.73,12.07,7195,3988,67,177
114901,Silent Hill f,2025,"PC, PlayStation 5, Xbox Series X/S",80,10.75,16.54,34.82,14.04,2175,1560,85,82
144234,Indiana Jones and the Great Circle,2024,"Amazon Luna, Nintendo Switch 2, PC, PlayStation 5, Xbox Series X/S",84,16.16,25.73,39.32,26.98,3790,2089,86,166
139729,Lethal Company,2023,PC,78,9.71,19.49,35.45,15.11,1166,3512,137,683
97298,Marvel's Midnight Suns,2022,"PC, PlayStation 4, PlayStation 5, Xbox One, Xbox Series X/S",80,40.44,65.74,97.16,66.07,1457,5160,86,256
42833,Super Mario Odyssey,2017,Nintendo Switch,89,12.47,26.87,62.0,25.27,17540,5435,82,328
5946,Metro 2033,2010,"PC, Xbox 360",77,9.53,12.12,21.2,10.68,6371,15127,90,1858
109245,High On Life,2022,"Nintendo Switch, Nintendo Switch 2, PC, PlayStation 4, PlayStation 5, Xbox One, Xbox Series X/S",73,9.21,12.8,21.59,11.41,3570,4503,104,392
107701,Another Crab's Treasure,2024,"Nintendo Switch, Nintendo Switch 2, PC, PlayStation 5, Xbox One, Xbox Series X/S",79,14.27,20.04,22.29,19.52,1216,2708,82,203
21723,SUPERHOT,2016,"Google Stadia, Nintendo Switch, PC, PlayStation 4, Xbox One",77,2.38,5.13,20.06,3.32,9061,8711,98,442
68318,Remnant: From the Ashes,2019,"Nintendo Switch, PC, PlayStation 4, Xbox One",73,13.25,21.0,59.94,18.96,3303,6892,83,610
57416,Fallout 76,2018,"PC, PlayStation 4, Xbox One",61,36.32,119.1,317.94,128.84,820,6333,107,796
171520,Battlefield 6,2025,"PC, PlayStation 5, Xbox Series X/S",72,6.05,10.9,26.47,8.53,793,835,190,126
155349,Deadlock,2025,PC,71,58.78,86.63,,62.68,328,2639,152,536
94117,Citizen Sleeper,2022,"Mobile, Nintendo Switch, Nintendo Switch 2, PC, PlayStation 4, PlayStation 5, Xbox One, Xbox Series X/S",82,6.97,10.46,13.55,10.29,1875,5325,82,164
38916,Sonic Mania,2017,"Nintendo Switch, PC, PlayStation 4, Xbox One",82,5.66,9.47,18.99,7.42,3612,8798,102,572
24484,Wolfenstein: The Old Blood,2015,"PC, PlayStation 4, Xbox One",75,5.92,8.48,15.93,7.32,7239,8555,70,260
8898,Spec Ops: The Line,2012,"Linux, Mac, PC, PlayStation 3, Xbox 360",79,6.13,7.57,16.3,6.98,12602,12070,88,698
17993,Tabletop Simulator,2014,PC,79,9.6,147.94,1224.61,179.72,868,6211,121,1112
94075,Metroid Dread,2021,Nintendo Switch,88,9.29,11.67,13.78,11.49,6432,3164,42,209
88760,Neon White,2022,"Nintendo Switch, PC, PlayStation 4, PlayStation 5, Xbox One, Xbox Series X/S",85,10.47,18.5,24.8,18.37,2643,3400,86,217
27127,Call of Duty: Black Ops III,2015,"PC, PlayStation 3, PlayStation 4, Xbox 360, Xbox One",68,9.04,15.01,83.58,13.03,4726,5153,91,950
19265,Ori and the Blind Forest,2015,"Nintendo Switch, PC, Xbox One",86,8.24,10.39,11.77,9.99,4633,9662,78,1164
91605,Borderlands 4,2025,"Nintendo Switch 2, PC, PlayStation 5, Xbox Series X/S",75,30.09,50.75,110.79,50.13,661,1130,114,55
37986,Dead by Daylight,2016,"Google Stadia, Mobile, Nintendo Switch, PC, PlayStation 4, PlayStation 5, Xbox One, Xbox Series X/S",69,77.35,373.13,800.17,311.46,1135,4586,181,1570
39397,Saints Row IV: Re-Elected,2015,"Google Stadia, Nintendo Switch, PC, PlayStation 4, Xbox One",72,14.97,26.25,43.67,26.74,2998,6879,83,455
3738,FTL: Faster Than Light,2012,"Linux, Mac, Mobile, PC",81,12.14,32.24,113.25,25.76,3781,12790,106,1923
1875,Company of Heroes 2,2013,"Linux, Mac, PC",72,15.81,25.98,61.01,20.17,1215,12121,108,1310
83981,The Red Lantern,2020,"Nintendo Switch, PC, Xbox One",63,2.27,4.28,8.18,2.83,159,2718,69,53
2486,Deus Ex,2000,"PC, PlayStation 2, PlayStation 4, PlayStation 5",88,22.93,28.8,39.41,28.02,3243,13918,74,948
79774,Hitman 3,2021,"Google Stadia, Nintendo Switch, Nintendo Switch 2, PC, PlayStation 4, PlayStation 5, Xbox One, Xbox Series X/S",83,8.16,22.47,63.16,14.71,2437,5115,121,177
45392,What Remains of Edith Finch,2017,"Mobile, Nintendo Switch, PC, PlayStation 4, PlayStation 5, Xbox One, Xbox Series X/S",82,2.12,2.53,2.88,2.43,11530,5888,56,142
35998,ARK: Survival of the Fittest,2016,PC,38,51.5,,55.25,54.0,316,8598,91,2085
32976,Rain World,2017,"Nintendo Switch, Nintendo Switch 2, PC, PlayStation 4, PlayStation 5, Xbox One, Xbox Series X/S",76,20.04,34.38,70.02,30.21,410,6213,106,368
3532,Final Fantasy XIII,2009,"PC, PlayStation 3, Xbox 360",72,47.9,60.98,104.88,58.91,5909,9956,89,813
156025,Trails in the Sky 1st Chapter,2025,"Nintendo Switch, Nintendo Switch 2, PC, PlayStation 5",89,39.87,57.14,74.5,57.64,713,839,114,18
6725,ŌKAMI,2006,"Nintendo Switch, PC, PlayStation 2, PlayStation 3, PlayStation 4, Wii, Xbox One",85,32.79,40.36,52.98,39.91,3741,13236,76,582
118248,Remnant II,2023,"PC, PlayStation 5, Xbox Series X/S",76,18.3,29.24,81.16,26.79,1589,4177,73,236
21279,Tom Clancy's Rainbow Six Siege,2015,"Google Stadia, PC, PlayStation 4, PlayStation 5, Xbox One, Xbox Series X/S",75,3.32,25.17,176.45,57.49,2052,4824,144,1871
3524,Final Fantasy VIII,1999,"Nintendo Switch, PC, PlayStation, PlayStation 4, Xbox One",80,38.13,52.23,73.6,50.14,4911,10385,68,541
106929,Chants of Sennaar,2023,"Mobile, Nintendo Switch, PC, PlayStation 4, Xbox One",86,9.1,9.77,10.11,9.84,2711,1983,67,84
14130,LEGO Marvel Super Heroes,2013,"PC, Nintendo 3DS, Nintendo Switch, PlayStation 3, PlayStation 4, PlayStation Vita, Wii U, Xbox 360, Xbox One",78,12.27,23.99,39.44,27.54,4969,7295,106,507
2501,Devil May Cry HD Collection,2012,"PC, PlayStation 3, PlayStation 4, Xbox 360, Xbox One",79,23.09,31.54,88.08,28.83,1642,5917,117,183
1471,Call of Duty: Black Ops,2010,"Nintendo DS, PC, PlayStation 3, PlayStation 4, PlayStation 5, Wii, Xbox 360",79,7.12,13.34,18.26,8.47,9981,3512,62,626
19853,Quantum Break,2016,"PC, Xbox One",75,10.08,13.1,18.53,12.5,5810,8982,75,376
108941,"Warhammer 40,000: Rogue Trader",2023,"Nintendo Switch 2, PC, PlayStation 5, Xbox Series X/S",84,70.75,104.78,157.26,107.36,472,2882,109,79
48426,Car Mechanic Simulator 2018,2017,"PC, PlayStation 4, Xbox One",71,27.95,82.11,86.24,54.99,256,3500,99,347
42802,Kingdom Hearts HD 1.5 + 2.5 ReMIX,2017,"Nintendo Switch 2, PC, PlayStation 4, Xbox One",87,112.88,156.02,303.55,160.68,1301,3711,154,123
26831,Hitman,2016,"Google Stadia, PC, PlayStation 4, Xbox One",80,10.69,23.76,92.55,18.58,5625,11126,82,806
9377,Super Mario Galaxy,2007,"Nintendo Switch, Wii",90,13.17,20.37,34.55,18.75,8433,4232,63,273
2333,Dead Space,2008,"Mobile, PC, PlayStation 3, Xbox 360",84,11.01,12.98,20.21,12.14,9532,13159,59,1165
57518,Overcooked! 2,2018,"Nintendo Switch, Nintendo Switch 2, PC, PlayStation 4, Xbox One",80,7.09,11.9,25.45,10.58,3023,6300,116,564
15884,Injustice: Gods Among Us - Ultimate Edition,2013,"PC, PlayStation 3, PlayStation 4, PlayStation Vita, Xbox 360",71,5.03,11.32,23.81,6.0,4845,8905,103,902
5910,Metal Gear Solid 2: Sons of Liberty,2001,"Nintendo Switch, PC, PlayStation 2, PlayStation 3, PlayStation 4, PlayStation 5, PlayStation Vita, Xbox, Xbox One, Xbox Series X/S",88,13.15,15.31,28.6,14.07,5747,3942,47,133
69805,Little Nightmares II,2021,"Google Stadia, Nintendo Switch, Nintendo Switch 2, PC, PlayStation 4, PlayStation 5, Xbox One, Xbox Series X/S",81,5.67,6.65,8.69,6.31,4119,4692,62,103
26266,Bloodstained: Ritual of the Night,2019,"Amazon Luna, Google Stadia, Mobile, Nintendo Switch, PC, PlayStation 4, Xbox One",79,14.06,20.65,35.52,21.32,4028,9073,73,425
169407,Beast of Reincarnation,2026,"PC, PlayStation 5, Xbox Series X/S",69,23.13,28.14,39.8,28.04,232,301,100,32
125175,The Outer Worlds: Spacer's Choice Edition,2023,"PC, PlayStation 5, Xbox Series X/S",77,17.64,36.93,61.01,38.54,912,4816,87,158
36385,For Honor,2017,"PC, PlayStation 4, Xbox One",66,7.03,10.95,18.25,8.39,1810,6952,93,1483
4867,Journey,2012,"Mobile, PC, PlayStation 3, PlayStation 4",81,2.0,2.51,5.76,2.24,10852,6554,56,246
83704,Phasmophobia,2020,"Nintendo Switch 2, PC, PlayStation 5, Xbox Series X/S",72,21.02,41.52,138.75,48.68,1243,4673,152,943
62931,Mortal Kombat 11,2019,"Google Stadia, Nintendo Switch, PC, PlayStation 4, PlayStation 5, Xbox One, Xbox Series X/S",77,6.33,18.25,61.4,11.88,3707,4783,98,388
5513,Mafia II,2010,"OnLive, PC, PlayStation 3, Xbox 360",81,12.11,16.46,32.8,14.42,7797,8324,70,673
89573,Teenage Mutant Ninja Turtles: Shredder's Revenge,2022,"Mobile, Nintendo Switch, PC, PlayStation 4, PlayStation 5, Xbox One",79,2.9,4.11,20.2,3.48,3737,2157,58,134
39689,Titan Quest: Anniversary Edition,2016,"Mobile, Nintendo Switch, PC, PlayStation 4, Xbox One",73,30.91,46.59,119.79,47.26,1362,11031,86,913
17230,Plague Inc: Evolved,2016,"Mobile, Nintendo Switch, PC, PlayStation 4, Xbox One",70,3.79,15.13,56.04,11.84,1954,6145,142,712
11847,Grim Dawn,2016,"PC, Xbox One, Xbox Series X/S",78,21.62,49.24,245.41,44.02,2039,7484,114,654
159734,Dokimon: Quest,2024,PC,66,9.64,14.88,17.09,14.85,20,313,32,7
23310,Phoenix Wright: Ace Attorney Trilogy,2014,"Mobile, Nintendo 3DS, Nintendo Switch, PC, PlayStation 4, Xbox One",88,60.42,68.71,71.93,66.88,2594,6705,115,265
21471,The Long Dark,2014,"Linux, Mac, Nintendo Switch, PC, PlayStation 4, Xbox One",73,23.5,55.34,247.56,53.35,768,10077,96,808
21273,Dead Island 2,2023,"PC, PlayStation 4, PlayStation 5, Xbox One, Xbox Series X/S",74,16.24,26.68,39.76,24.33,2035,2531,85,202
46386,A Way Out,2018,"PC, PlayStation 4, Xbox One",78,6.03,6.65,7.4,6.33,8802,3398,74,273
32537,Outlast II,2017,"Mac, Nintendo Switch, PC, PlayStation 4, Xbox One",73,7.22,8.89,14.05,8.11,2671,7123,72,300
7151,Pokémon FireRed and LeafGreen,2004,"Game Boy Advance, Nintendo Switch",82,29.4,48.84,132.93,40.62,6897,1383,100,189
11050,"Warhammer 40,000: Space Marine",2011,"OnLive, PC, PlayStation 3, Xbox 360",73,7.59,9.3,22.51,8.32,4196,8382,80,597
7106,Plants vs. Zombies,2009,"Mac, Mobile, Nintendo DS, Nintendo Switch, Nintendo Switch 2, PC, PlayStation 3, PlayStation 4, PlayStation 5, PlayStation Vita, Xbox 360, Xbox One, Xbox Series X/S",82,8.22,17.85,42.53,16.79,7901,5910,102,784
4256,Half-Life: Opposing Force,1999,"Linux, Mac, PC",77,5.21,6.31,7.19,5.72,5450,11376,69,998
164719,Megabonk,2025,PC,76,14.32,32.84,56.06,32.02,438,1229,157,102
46470,Code Vein,2019,"PC, PlayStation 4, Xbox One",73,26.63,35.43,63.0,35.5,3075,7108,95,660
5736,Max Payne,2001,"Game Boy Advance, Mobile, PC, PlayStation 2, PlayStation 4, Xbox",81,8.07,9.19,11.46,8.41,6805,7107,59,420
26706,Assassin's Creed: Syndicate,2015,"Google Stadia, PC, PlayStation 4, Xbox One",73,18.98,33.96,55.77,34.05,7127,7670,64,569
5244,LEGO Batman 2: DC Super Heroes,2012,"Mobile, Nintendo 3DS, Nintendo DS, PC, PlayStation 3, PlayStation Vita, Wii, Wii U, Xbox 360, Xbox One",74,8.93,15.37,23.96,15.84,2792,7285,65,286
34956,Golf With Your Friends,2020,"Linux, Mac, Nintendo Switch, PC, PlayStation 4, Xbox One",69,6.3,11.36,28.13,12.51,993,5363,103,700
13157,Kingdom Hearts III,2019,"Nintendo Switch, Nintendo Switch 2, PC, PlayStation 4, Xbox One",78,28.85,40.14,64.53,37.76,4699,5112,61,192
139446,Indika,2024,"Nintendo Switch, PC, PlayStation 5, Xbox Series X/S",72,4.1,4.51,5.04,4.38,1391,1171,47,31
57478,Hitman 2,2018,"Google Stadia, PC, PlayStation 4, Xbox One",81,10.17,27.68,130.26,19.5,3998,9674,85,611
9850,The Elder Scrolls III: Morrowind,2002,"PC, Xbox",84,43.4,103.79,295.94,91.16,1928,9962,79,801
4254,Half-Life: Blue Shift,2001,"Linux, Mac, PC",71,3.05,3.39,3.66,3.15,5530,11292,70,987
152014,Life Is Strange: Double Exposure,2024,"Nintendo Switch, PC, PlayStation 5, Xbox Series X/S",67,11.13,14.34,20.85,13.65,890,1054,59,24
118225,Death Stranding 2: On The Beach,2025,"PC, PlayStation 5",89,35.51,64.47,117.02,67.66,1802,1464,84,34
21254,LEGO Batman 3: Beyond Gotham,2014,"Mobile, Nintendo 3DS, PC, PlayStation 3, PlayStation 4, PlayStation Vita, Wii U, Xbox 360, Xbox One",71,10.15,19.38,35.91,24.39,2263,7841,80,268
92904,Total War: Warhammer III,2022,PC,83,32.02,112.24,710.26,101.7,356,2749,79,133
68258,Deathloop,2021,"PC, PlayStation 5, Xbox Series X/S",77,16.38,24.56,36.07,23.11,4007,8376,76,677
31054,Far Cry Primal,2016,"PC, PlayStation 4, Xbox One",72,15.01,23.69,36.42,24.86,3632,5268,72,429
3293,F.E.A.R.,2005,"PC, PlayStation 3, Xbox 360",79,8.15,10.1,12.24,8.93,5498,9609,80,604
189812,How to Fish,2026,PC,76,5.24,6.14,9.68,5.91,140,42,29,2
46418,Life Is Strange: Before the Storm,2017,"Google Stadia, Mobile, PC, PlayStation 4, Xbox One",77,9.96,11.65,12.97,11.55,6490,4909,53,195
9830,The Darkness II,2012,"PC, PlayStation 3, Xbox 360, Xbox One",74,6.04,8.26,15.29,7.09,4401,10163,77,566
57149,Signalis,2022,"Nintendo Switch, PC, PlayStation 4, Xbox One",84,9.2,11.05,13.85,10.28,2595,3184,71,146
17617,Transistor,2014,"Linux, Mac, Mobile, Nintendo Switch, PC, PlayStation 4",80,5.99,8.39,15.73,7.74,7397,13508,65,824
21255,Mortal Kombat X,2015,"PC, PlayStation 3, PlayStation 4, Xbox 360, Xbox One",75,5.69,16.87,69.23,8.54,4631,5451,76,650
46453,Fire Emblem: Three Houses,2019,Nintendo Switch,87,49.27,76.53,210.87,75.26,6529,4452,79,300
43499,Tom Clancy's Ghost Recon Wildlands,2017,"Google Stadia, PC, PlayStation 4, Xbox One",73,27.31,54.18,84.96,55.74,2325,3443,97,580
141056,Cyberpunk 2077: Ultimate Edition,2023,"Nintendo Switch 2, PC, PlayStation 5, Xbox Series X/S",92,40.19,83.24,127.99,90.38,1752,1275,133,42
40715,Sniper Elite 4,2017,"Google Stadia, Nintendo Switch, PC, PlayStation 4, Xbox One",73,10.69,17.9,45.16,15.47,2517,6821,86,449
2675,Don't Starve,2013,"Mobile, Nintendo Switch, PC, PlayStation 4, PlayStation Vita, Wii U, Xbox One",71,28.32,71.37,149.48,53.34,1348,10727,93,2520
2068,Crysis,2007,"Nintendo Switch, PC, PlayStation 3, PlayStation 4, Xbox 360, Xbox One",74,9.16,11.21,11.74,10.14,6148,6960,63,705
179203,Trails in the Sky 2nd Chapter,2026,"Nintendo Switch, Nintendo Switch 2, PC, PlayStation 5",75,,58.9,,58.9,3,147,54,0
164496,Drop Duchy,2025,"Nintendo Switch, PC, PlayStation 5, Xbox Series X/S",70,4.41,17.43,38.44,11.31,64,453,35,31
3339,Fallout 2,1998,PC,85,30.44,47.15,81.89,46.78,1858,10955,60,537
22530,The Talos Principle,2014,"Linux, Mac, Mobile, Nintendo Switch, PC, PlayStation 4, Xbox One",83,15.7,21.25,29.6,21.43,4223,10180,68,733
83135,The Invincible,2023,"PC, PlayStation 5, Xbox Series X/S",75,6.61,8.01,12.21,7.54,1042,2831,86,51
69695,Need for Speed: Heat,2019,"PC, PlayStation 4, Xbox One",70,14.13,25.5,51.51,25.11,2680,4730,100,540
16635,LEGO The Hobbit,2014,"PC, Nintendo 3DS, PlayStation 3, PlayStation 4, PlayStation Vita, Wii U, Xbox 360, Xbox One",70,8.85,16.43,36.83,19.89,2091,9079,78,443
8679,Sniper Elite V2,2012,"Nintendo Switch, PC, PlayStation 3, PlayStation 4, Wii U, Xbox 360",70,7.14,12.25,29.0,8.85,3312,8626,65,1070
1958,Counter-Strike: Source,2004,PC,76,63.22,113.59,374.32,158.31,1660,7280,112,3893
174354,Pokémon Pokopia,2026,Nintendo Switch 2,89,36.62,53.55,142.43,51.38,736,416,149,28
9781,The Binding of Isaac,2011,"Mac, PC",76,10.94,51.73,144.15,47.02,3647,9745,103,2563
2069,Crysis 2,2011,"Nintendo Switch, PC, PlayStation 3, PlayStation 4, Xbox 360, Xbox One",74,9.04,12.02,14.53,10.16,5682,10328,70,936
10387,To the Moon,2011,"Mobile, Nintendo Switch, PC, PlayStation 5, Xbox Series X/S",82,4.12,4.54,4.63,4.32,9395,10121,72,440
9866,The Evil Within,2014,"PC, PlayStation 3, PlayStation 4, Xbox 360, Xbox One",75,15.32,20.02,40.81,17.69,4956,8537,76,563
8072,Saints Row 2,2008,"PC, PlayStation 3, Xbox 360, Xbox One",76,19.94,29.07,50.57,26.22,3869,10711,72,1235
40171,The Witcher 3: Wild Hunt - Remastered,2016,"Nintendo Switch, Nintendo Switch 2, PC, PlayStation 4, PlayStation 5, Xbox One, Xbox Series X/S",94,56.84,123.72,188.89,130.77,6210,5723,84,315
12079,Kerbal Space Program,2015,"Linux, Mac, PC, PlayStation 4, PlayStation 5, Xbox One, Xbox Series X/S",80,110.22,241.17,589.71,248.19,749,9460,97,1263
5698,Mass Effect,2007,"PC, PlayStation 3, PlayStation 4, Xbox 360, Xbox One",84,16.99,27.57,42.3,26.42,14806,9808,54,874
145004,Sonic X Shadow Generations,2024,"Nintendo Switch, Nintendo Switch 2, PC, PlayStation 4, PlayStation 5, Xbox One, Xbox Series X/S",83,6.37,11.48,28.86,10.73,1273,1257,48,36
17451,Divinity: Original Sin,2014,"PC, PlayStation 4, Xbox One",82,65.81,85.01,108.54,85.96,1270,7225,60,1598
10528,Torchlight II,2012,"PC, Nintendo Switch, PlayStation 4, Xbox One",76,20.73,30.01,78.66,28.23,4339,11301,73,1848
79776,Ratchet & Clank: Rift Apart,2021,"PC, PlayStation 5",84,11.02,14.52,18.09,15.25,7166,3423,82,147
2721,Dota 2,2013,"Linux, Mac, PC",73,769.91,1222.67,2332.72,1368.23,531,1361,105,841
145003,Assassin's Creed Shadows,2025,"Amazon Luna, Mac, Nintendo Switch 2, PC, PlayStation 5, Xbox Series X/S",78,35.79,64.96,99.31,68.38,1511,1739,135,127
12740,SteamWorld Dig,2013,"Google Stadia, Linux, Mac, Nintendo 3DS, Nintendo Switch, PC, PlayStation 4, PlayStation Vita, Wii U, Xbox One",75,5.04,6.67,8.42,6.1,4795,7776,74,492
164698,R.E.P.O.,2025,PC,75,9.48,9.93,36.63,12.61,427,1394,134,199
57445,Starfield,2023,"PC, PlayStation 5, Xbox Series X/S",70,24.07,74.89,148.84,70.94,2909,3946,103,796
45524,Darksiders III,2018,"Google Stadia, Nintendo Switch, PC, PlayStation 4, Xbox One",71,14.18,19.0,31.56,17.99,1857,7330,73,222
22534,Children of Morta,2019,"Mobile, Nintendo Switch, PC, PlayStation 4, Xbox One",79,14.19,18.75,28.42,18.35,1607,6804,64,328
814,Baldur's Gate: Enhanced Edition,2012,"Mac, Mobile, Nintendo Switch, PC, PlayStation 4, Xbox One",79,31.07,54.33,95.92,53.37,1766,8329,61,488
340,Alice: Madness Returns,2011,"PC, PlayStation 3, Xbox 360, Xbox One",76,13.99,15.93,22.52,15.5,3321,7384,80,595
101251,Sonic Frontiers,2022,"Nintendo Switch, Nintendo Switch 2, PC, PlayStation 4, PlayStation 5, Xbox One, Xbox Series X/S",74,16.41,21.9,26.94,22.67,2094,3228,65,216
14083,The Stanley Parable,2013,"Linux, Mac, PC",79,1.47,2.93,9.14,3.24,13592,9188,90,583
4477,Hitman: Blood Money,2006,"Mobile, Nintendo Switch, PC, PlayStation 2, PlayStation 3, Xbox, Xbox 360",82,11.84,16.17,20.67,13.67,3100,9799,71,624
1387,Bully: Scholarship Edition,2008,"Mobile, PC, PlayStation 2, PlayStation 4, Wii, Xbox 360, Xbox One",81,14.66,19.16,27.71,18.82,4000,8650,76,666
35857,Vampyr,2018,"Nintendo Switch, PC, PlayStation 4, Xbox One",71,16.83,29.49,41.53,28.82,2563,8025,68,525
22804,Tales from the Borderlands,2014,"Mobile, Nintendo Switch, PC, PlayStation 3, PlayStation 4, Xbox 360, Xbox One",82,10.6,11.11,11.59,11.16,5893,8486,55,331
2070,Crysis 3,2013,"Nintendo Switch, PC, PlayStation 3, PlayStation 4, PlayStation 5, Xbox 360",72,6.63,8.31,12.49,7.39,2882,4248,60,196
82601,Chained Echoes,2022,"Linux, Mac, Nintendo Switch, PC, PlayStation 4, PlayStation 5, Xbox One, Xbox Series X/S",85,35.34,45.35,55.91,46.67,1089,2476,44,145
16232,Thief,2014,"PC, PlayStation 3, PlayStation 4, Xbox 360, Xbox One",64,10.96,22.13,44.16,18.1,2705,9959,70,980
109526,Dragon's Dogma II,2024,"Nintendo Switch 2, PC, PlayStation 5, Xbox Series X/S",78,31.76,56.34,93.6,57.7,1315,2703,78,232
16630,Danganronpa: Trigger Happy Havoc,2010,"Linux, Mac, Mobile, Nintendo Switch, PC, PlayStation 4, PlayStation Portable, PlayStation Vita, Xbox One",82,25.25,31.21,45.32,29.35,6935,5288,57,242
15660,Trine 2: Complete Story,2013,"Linux, Mac, Nintendo Switch, PC, PlayStation 4, Wii U, Xbox One",74,9.06,13.65,34.75,13.77,1877,6696,72,424
105741,The Quarry,2022,"PC, PlayStation 4, PlayStation 5, Xbox One, Xbox Series X/S",73,9.16,11.0,33.37,10.16,3423,4363,64,124
185376,Librarian: Tidy Up the Arcane Library!,2026,PC,77,5.31,7.02,21.35,9.02,621,222,75,9
129785,Prince of Persia: The Lost Crown,2024,"Amazon Luna, Mobile, Nintendo Switch, PC, PlayStation 4, PlayStation 5, Xbox One, Xbox Series X/S",83,16.66,24.54,31.15,24.87,2600,2449,70,176
74181,System Shock,2023,"Nintendo Switch, Nintendo Switch 2, PC, PlayStation 4, PlayStation 5, Xbox One, Xbox Series X/S",81,17.36,25.28,33.37,24.32,733,3680,60,160
46121,Call of Duty: WWII,2017,"PC, PlayStation 4, Xbox One",71,7.03,9.47,18.36,7.63,5145,5714,58,465
3480,Final Fantasy,1987,"Game Boy Advance, MSX, Mobile, NES, Nintendo 3DS, Nintendo Switch, PC, PlayStation, PlayStation 4, PlayStation Portable, WonderSwan, Xbox One, Xbox Series X/S",72,15.03,17.1,17.83,16.49,5905,3671,63,251
146234,Pokémon Legends: Z-A,2025,"Nintendo Switch, Nintendo Switch 2",75,27.88,40.42,66.28,40.26,2102,889,104,74
68378,Superliminal,2019,"Nintendo Switch, PC, PlayStation 4, PlayStation 5, Xbox One",77,2.63,3.85,10.36,3.25,5273,5292,62,192
8038,S.T.A.L.K.E.R.: Shadow of Chernobyl,2007,"Nintendo Switch, PC, PlayStation 4, Xbox One",79,15.06,24.14,41.17,21.34,3090,9361,68,710
20810,Crypt of the NecroDancer,2015,"Linux, Mac, Mobile, Nintendo Switch, PC, PlayStation 4, PlayStation Vita, Xbox One",76,13.93,26.1,393.35,22.63,1196,9447,86,1156
13434,Pillars of Eternity,2015,"Nintendo Switch, PC, PlayStation 4, Xbox One",80,36.31,64.24,111.29,66.43,2456,10301,71,683
93455,Tiny Tina's Wonderlands,2022,"PC, PlayStation 4, PlayStation 5, Xbox One, Xbox Series X/S",71,16.07,28.92,52.05,28.46,1855,5667,74,302
11424,Yakuza 4,2010,"PC, PlayStation 3, PlayStation 4, Xbox One",78,20.54,39.3,90.19,30.98,3825,7805,49,90
5913,Metal Gear Solid 3: Snake Eater,2004,"Mobile, Nintendo Switch, PC, PlayStation 2, PlayStation 3, PlayStation 4, PlayStation 5, PlayStation Vita, Xbox One, Xbox Series X/S",92,15.82,19.43,25.23,16.86,4922,3984,43,131
13500,7 Days to Die,2013,"PC, PlayStation 4, Xbox One",66,54.05,112.82,284.57,133.3,1021,6440,103,1537
104760,Core Keeper,2024,"Nintendo Switch, Nintendo Switch 2, PC, PlayStation 4, PlayStation 5, Xbox One, Xbox Series X/S",76,38.79,50.57,121.08,58.77,555,3253,79,241
66152,A Short Hike,2019,"Linux, Mac, Nintendo Switch, PC, PlayStation 4, Xbox One",82,1.53,2.15,4.66,2.29,7744,4481,52,122
53305,Final Fantasy XV: Royal Edition,2018,"Google Stadia, PC, PlayStation 4, Xbox One",77,27.54,56.58,116.89,51.87,4061,7217,77,422
25032,Alone With You,2017,"PC, PlayStation 4, PlayStation Vita",66,6.62,7.1,11.79,7.56,72,413,5,10
16887,Assetto Corsa,2014,"PC, PlayStation 4, Xbox One",77,39.57,72.6,310.13,105.48,374,3846,107,573
19547,Sniper Elite III,2014,"Nintendo Switch, PC, PlayStation 3, PlayStation 4, Xbox 360, Xbox One",69,9.11,14.38,30.82,11.99,2246,6771,59,506
9098,Star Wars: Battlefront II,2005,"PC, PlayStation 2, PlayStation Portable, Xbox",82,7.73,18.38,53.37,13.0,3676,7954,67,1107
1477,Call of Duty: Modern Warfare 2,2009,"PC, PlayStation 3, Xbox 360",82,6.6,10.75,32.24,8.94,11301,3716,48,613
93459,Planet of Lana,2023,"Mobile, Nintendo Switch, PC, PlayStation 4, PlayStation 5, Xbox One, Xbox Series X/S",76,4.63,5.17,6.37,4.97,1925,1895,55,92
5919,Metal Gear Solid: Peace Walker,2010,"Nintendo Switch, Nintendo Switch 2, PlayStation 3, PlayStation 5, PlayStation Portable, Xbox 360, Xbox Series X/S",79,18.03,28.22,94.29,25.98,2103,2427,32,162
101424,ARC Raiders,2025,"PC, PlayStation 5, Xbox Series X/S",83,46.61,103.84,196.01,100.0,297,782,123,207
93948,Forza Horizon 5,2021,"PC, PlayStation 5, Xbox One, Xbox Series X/S",83,21.26,46.45,143.44,44.87,2733,2545,118,678
16449,Final Fantasy X/X-2 HD Remaster,2013,"Nintendo Switch, Nintendo Switch 2, PC, PlayStation 3, PlayStation 4, PlayStation Vita, Xbox One",85,50.34,80.09,162.12,78.23,2297,9109,104,388
14345,Ryse: Son of Rome,2013,"PC, Xbox One",70,6.38,8.34,20.28,7.23,5632,7610,71,434
5699,Mass Effect 2,2010,"PC, PlayStation 3, Xbox 360",90,24.6,35.48,50.52,36.11,13041,11409,48,683
3294,F.E.A.R. 2: Project Origin,2009,"PC, PlayStation 3, Xbox 360",72,7.1,8.64,10.83,7.76,3619,9637,58,549
69666,Unpacking,2021,"Mobile, Nintendo Switch, PC, PlayStation 4, PlayStation 5, Xbox One",76,3.6,4.15,4.31,4.11,5888,3377,65,215
43743,Dear Esther,2012,"PC, PlayStation 4, Xbox One",63,1.29,1.61,2.61,1.57,5666,9525,66,947
12660,Brothers: A Tale of Two Sons,2013,"Mobile, Nintendo Switch, PC, PlayStation 3, PlayStation 4, Xbox 360, Xbox One",80,3.08,3.5,4.04,3.39,12370,12152,61,564
33020,Katana ZERO,2019,"Amazon Luna, Mobile, Nintendo Switch, PC, Xbox One",83,4.75,6.26,14.78,5.56,6229,5940,79,211
112983,Assassin's Creed Mirage,2023,"Amazon Luna, Mobile, PC, PlayStation 4, PlayStation 5, Xbox One, Xbox Series X/S",72,16.05,23.15,30.88,23.71,3164,2384,92,155
53763,Ace Combat 7: Skies Unknown,2019,"Nintendo Switch, PC, PlayStation 4, Xbox One",80,12.25,18.29,70.7,15.2,1902,3671,84,249
115660,"Warhammer 40,000: Boltgun",2023,"Nintendo Switch, PC, PlayStation 4, PlayStation 5, Xbox One, Xbox Series X/S",72,9.9,12.5,18.03,11.1,893,2898,78,180
72067,Half-Life: Alyx,2020,PC,94,12.21,14.36,19.05,13.6,2820,5143,86,211
2711,Doom II: Hell on Earth,1994,"Game Boy Advance, Mobile, NEC PC-98, Nintendo Switch, PC, PlayStation 3, PlayStation 4, PlayStation 5, Xbox 360, Xbox One, Xbox Series X/S",80,6.99,9.79,14.23,8.38,2959,6124,37,370
130444,Super Mario Bros. Wonder,2023,"Nintendo Switch, Nintendo Switch 2",87,10.03,13.72,20.21,15.01,5718,2476,87,140
10273,The Witness,2016,"Mac, Mobile, PC, PlayStation 4, Xbox One",79,16.89,24.1,37.43,22.67,3796,10070,90,1100
68169,Carrion,2020,"Linux, Mac, Mobile, Nintendo Switch, PC, PlayStation 4, Xbox One",73,4.62,5.45,6.26,5.42,3055,2475,96,241
17596,The Elder Scrolls Online,2014,"Google Stadia, Mac, PC, PlayStation 4, PlayStation 5, Xbox One, Xbox Series X/S",69,48.34,211.82,605.49,193.96,844,5687,112,1691
16586,Fable Anniversary,2014,"PC, Xbox 360, Xbox One",77,13.23,20.52,32.19,20.48,2318,7106,73,345
130,A Hat in Time,2017,"Mac, Nintendo Switch, PC, PlayStation 4, Xbox One",82,9.42,15.06,19.07,14.17,4800,7972,55,469
179171,ReStory: Chill Electronics Repairs,2026,"Mac, PC",78,11.28,14.83,26.86,13.94,175,116,96,9
172962,LEGO Batman: Legacy of the Dark Knight,2026,"Nintendo Switch 2, PC, PlayStation 5, Xbox Series X/S",79,12.95,19.68,33.47,20.99,582,545,151,24
148484,Slay the Spire II,2026,"Linux, Mac, PC",86,10.75,49.34,105.69,33.34,302,573,169,19
143595,1000xRESIST,2024,"Nintendo Switch, Nintendo Switch 2, PC, PlayStation 5, Xbox Series X/S",84,10.79,13.03,13.8,12.45,1199,3102,76,73
118230,Armored Core VI: Fires of Rubicon,2023,"PC, PlayStation 4, PlayStation 5, Xbox One, Xbox Series X/S",85,17.61,28.34,50.56,28.32,2065,3447,79,189
10035,The Legend of Zelda: Ocarina of Time,1998,Nintendo 64,92,26.77,30.32,37.41,30.39,5922,2791,66,270
129234,Metal Gear Solid Δ: Snake Eater,2025,"PC, PlayStation 5, Xbox Series X/S",85,12.27,15.59,25.71,14.09,1239,1442,71,48
25991,Killing Floor 2,2016,"PC, PlayStation 4, Xbox One",71,16.41,94.28,129.69,68.86,1131,6821,94,1051
157301,Ghost of Yōtei,2025,PlayStation 5,86,30.26,46.31,59.98,51.3,1735,1247,66,31
29225,Hacknet,2015,PC,76,7.19,8.94,11.36,9.08,1655,8725,75,675
11423,Yakuza 3,2009,"PC, PlayStation 3, PlayStation 4, Xbox One",73,16.79,31.39,102.07,26.28,4363,7542,44,136
5738,Max Payne 2: The Fall of Max Payne,2003,"PC, PlayStation 2, Xbox",83,6.17,7.71,9.61,6.67,5407,7012,49,291
809,Baldur's Gate II: Enhanced Edition,2013,"Linux, Mac, Mobile, Nintendo Switch, PC, PlayStation 4, Xbox One",85,46.8,82.02,153.31,84.19,917,7945,50,289
160589,Elden Ring: Nightreign,2025,"PC, PlayStation 4, PlayStation 5, Xbox One, Xbox Series X/S",80,28.25,40.91,68.02,44.92,1179,981,84,111
85967,The Callisto Protocol,2022,"PC, PlayStation 4, PlayStation 5, Xbox One, Xbox Series X/S",69,10.12,12.1,15.57,11.37,2491,4669,55,218
8367,Shadowrun Returns,2013,"Linux, Mac, Mobile, Nintendo Switch, PC, PlayStation 4, PlayStation 5, Xbox One, Xbox Series X/S",73,11.6,14.4,17.77,13.89,3194,11010,65,727
104683,Pokémon Scarlet and Violet,2022,Nintendo Switch,72,32.01,51.56,92.71,50.68,5864,1881,55,235
65940,Assassin's Creed III: Remastered,2019,"Google Stadia, Nintendo Switch, PC, PlayStation 4, Xbox One",70,14.74,30.46,57.03,28.61,2855,5271,78,258
72069,Persona 5 Strikers,2020,"Nintendo Switch, PC, PlayStation 4",81,35.18,45.86,70.7,46.78,2900,6826,67,304
59458,Hellblade: Senua's Sacrifice - VR Edition,2018,"Meta Quest, PC",78,6.85,7.5,8.36,7.72,460,7991,67,878
8352,Shadow Warrior,2013,"PC, PlayStation 4, Xbox One",73,12.28,15.45,36.02,14.12,3232,8780,88,677
3379,Far Cry 3: Blood Dragon,2013,"Google Stadia, Nintendo Switch 2, PC, PlayStation 3, PlayStation 4, PlayStation 5, Xbox 360, Xbox One",77,4.45,7.06,8.67,6.62,6350,8984,58,729
155658,Mafia: The Old Country,2025,"PC, PlayStation 5, Xbox Series X/S",77,12.25,14.7,24.38,13.72,1368,779,54,27
114144,Brotato,2023,"Mobile, Nintendo Switch, PC, PlayStation 4, PlayStation 5, Xbox One, Xbox Series X/S",77,5.71,22.52,67.27,34.87,1325,3338,136,284
97766,Ghostrunner II,2023,"PC, PlayStation 5, Xbox Series X/S",76,8.43,11.02,17.04,10.33,835,4339,44,97
82068,Gotham Knights,2022,"PC, PlayStation 5, Xbox Series X/S",64,17.4,27.69,49.72,26.71,1537,4797,78,260
68270,Fall Guys,2020,"Nintendo Switch, PC, PlayStation 4, PlayStation 5, Xbox One, Xbox Series X/S",70,9.92,31.39,98.54,33.7,2067,3555,106,1754
118229,Banishers: Ghosts of New Eden,2024,"PC, PlayStation 5, Xbox Series X/S",75,23.05,45.42,62.04,44.18,881,2416,58,110
143310,Buckshot Roulette,2024,"Linux, PC, Xbox One, Xbox Series X/S",75,0.46,1.76,9.73,1.3,2015,2092,103,99
942,Battlefield 4,2013,"PC, PlayStation 3, PlayStation 4, Xbox 360, Xbox One",73,6.25,9.02,17.51,7.5,5272,3736,68,578
172958,Denshattack!,2026,"Nintendo Switch 2, PC, PlayStation 5, Xbox Series X/S",86,9.17,13.06,26.37,13.24,210,219,109,25
76482,Streets of Rage 4,2020,"Google Stadia, Mobile, Nintendo Switch, PC, PlayStation 4, Xbox One",79,3.18,6.3,29.88,4.15,2735,2701,54,124
75153,ULTRAKILL,2020,"Amazon Luna, PC",89,6.49,14.58,46.86,13.0,948,3663,98,146
53592,Octopath Traveler,2018,"Google Stadia, Nintendo Switch, Nintendo Switch 2, PC, PlayStation 4, PlayStation 5, Xbox One",79,60.25,80.64,103.71,76.94,2921,6933,97,705
80273,Dragon Age: Inquisition - Game of the Year Edition,2015,"PC, PlayStation 4, Xbox One",78,50.88,93.3,144.25,97.28,1912,6268,67,306
78097,Cassette Beasts,2023,"Linux, Nintendo Switch, PC, Xbox One, Xbox Series X/S",80,19.85,27.17,53.9,28.43,673,3995,60,162
68266,Maneater,2020,"Nintendo Switch, PC, PlayStation 4, PlayStation 5, Xbox One, Xbox Series X/S",71,8.12,10.24,13.0,11.4,2493,4837,73,337
118130,Slay the Princess,2023,"Linux, Mac, Nintendo Switch, PC, PlayStation 4, PlayStation 5, Xbox One, Xbox Series X/S",81,3.27,5.6,17.96,5.3,1837,1965,70,58
41878,Beholder,2016,"Mobile, Nintendo Switch, PC, PlayStation 4, Xbox One",69,6.09,10.37,21.41,8.58,1273,7026,79,633
9149,Starbound,2016,"Linux, Mac, PC, Xbox One",70,25.82,61.19,155.46,55.8,1996,8806,73,1648
3499,Final Fantasy IV,1991,"Game Boy Advance, Mobile, Nintendo Switch, PC, PlayStation, PlayStation 4, PlayStation Portable, Super Nintendo, WonderSwan, Xbox One, Xbox Series X/S",80,19.89,23.05,25.79,22.46,2947,3978,39,139
185593,Star Fox,2026,Nintendo Switch 2,80,2.22,6.78,28.59,4.25,595,247,124,5
113597,Pacific Drive,2024,"PC, PlayStation 5, Xbox Series X/S",72,21.37,32.14,47.74,30.04,683,3433,80,224
113584,Like a Dragon Gaiden: The Man Who Erased His Name,2023,"PC, PlayStation 4, PlayStation 5, Xbox One, Xbox Series X/S",84,12.59,21.7,33.29,22.6,2243,2681,49,42
85970,Evil West,2022,"PC, PlayStation 4, PlayStation 5, Xbox One, Xbox Series X/S",71,10.78,13.27,22.26,12.47,1464,3050,49,187
63110,Call of Duty: Modern Warfare,2019,"PC, PlayStation 4, Xbox One",78,6.16,8.98,15.12,7.22,4253,1551,53,185
40413,Planet Coaster,2016,"PC, PlayStation 4, PlayStation 5, Xbox One",75,28.11,54.34,79.91,52.58,577,6806,80,724
25025,Titan Souls,2015,"Linux, Mac, Mobile, PC, PlayStation 4, PlayStation Vita",71,3.14,4.02,7.38,3.76,2028,8335,75,672
93894,Steelrising,2022,"PC, PlayStation 5, Xbox Series X/S",70,15.18,22.18,29.39,21.22,680,3745,56,106
56668,Raft,2022,"PC, PlayStation 5, Xbox Series X/S",73,27.3,39.06,78.62,37.46,1896,3404,107,653
21262,Bloodborne,2015,PlayStation 4,92,32.19,43.33,75.07,46.12,7806,7076,63,592
19973,Guacamelee!: Super Turbo Championship Edition,2014,"PC, Nintendo Switch, PlayStation 3, PlayStation 4, PlayStation Vita, Wii U, Xbox 360, Xbox One",78,7.02,10.03,15.99,9.3,3568,10018,64,589
94796,Path of Exile 2,2024,"Mac, PC, PlayStation 5, Xbox Series X/S",81,37.62,71.56,184.41,62.64,381,1765,134,149
41512,911 Operator,2017,"Mobile, Nintendo Switch, PC",64,6.34,10.3,21.08,9.21,706,6455,88,593
1464,Call of Duty,2003,"Mac, N-Gage, PC, PlayStation 3, Xbox 360",76,6.84,8.78,10.02,7.22,3942,3136,95,506
438,Amnesia: A Machine for Pigs,2013,"Nintendo Switch, PC, PlayStation 4, Xbox One",63,4.14,4.99,5.89,4.62,2535,11540,51,674
109109,The Plucky Squire,2024,"Nintendo Switch, PC, PlayStation 5, Xbox Series X/S",74,8.39,9.33,10.59,9.23,1421,1807,57,111
39030,Overcooked,2016,"Nintendo Switch, PC, PlayStation 4, Xbox One",78,7.78,10.29,11.97,9.84,3102,6008,56,682
10548,Total War: Shogun 2,2011,"Linux, Mac, PC",81,27.69,71.81,216.14,53.28,1384,9522,85,1125
4473,Hitman 2: Silent Assassin,2002,"Nintendo GameCube, PC, PlayStation 2, PlayStation 3, Xbox, Xbox 360",76,13.71,15.24,19.18,14.64,1797,7865,51,586
146989,Nobody Wants to Die,2024,"PC, PlayStation 5, Xbox Series X/S",72,5.75,6.6,8.26,6.26,930,2442,54,38
152370,The Legend of Zelda: Echoes of Wisdom,2024,Nintendo Switch,82,21.11,26.62,34.42,27.0,2633,1917,35,80
44704,PUBG: Battlegrounds,2017,"Google Stadia, Mobile, PC, PlayStation 4, Xbox One",65,97.85,250.74,511.24,222.8,1646,4805,96,2692
17638,Broforce,2015,"Nintendo Switch, PC, PlayStation 4, PlayStation 5, Xbox One, Xbox Series X/S",75,7.26,10.07,17.67,9.02,3687,6250,73,727
6585,Ni no Kuni: Wrath of the White Witch,2011,"Nintendo Switch, PC, PlayStation 3, PlayStation 4, Xbox One, Xbox Series X/S",81,44.09,56.23,91.96,55.75,3225,9590,57,570
2227,Dark Souls: Prepare to Die Edition,2012,"PC, PlayStation 3, Xbox 360",91,45.83,62.94,105.91,64.61,7205,8850,60,1441
69341,The Walking Dead: The Telltale Definitive Series,2019,"PC, PlayStation 4, Xbox One",88,42.18,47.45,48.22,45.95,1081,3515,82,69
46439,Into the Breach,2018,"Google Stadia, Linux, Mac, Mobile, Nintendo Switch, PC",82,5.79,19.99,52.8,13.73,2208,6359,73,448
46419,Dishonored: Death of the Outsider,2017,"PC, PlayStation 4, Xbox One",76,6.59,11.52,17.93,10.62,3278,8231,56,223
15305,Viscera Cleanup Detail: Shadow Warrior,2013,PC,62,1.6,2.11,2.2,2.09,1968,9411,81,1204
5549,Magicka,2011,PC,70,10.52,16.53,47.07,13.83,3071,10033,76,2071
5517,Mafia,2002,"PC, PlayStation 2, Xbox",82,16.17,18.27,21.36,17.77,2298,5982,58,369
5263,LEGO Star Wars: The Complete Saga,2007,"Mobile, Nintendo DS, PC, PlayStation 3, Wii, Xbox 360",79,13.22,23.31,40.0,24.92,4557,6687,74,427
38008,HUE,2016,"Nintendo Switch, PC, PlayStation 4, PlayStation Vita, Xbox One",72,4.66,5.59,6.76,5.58,2045,6097,66,341
85713,Nioh 2: Complete Edition,2021,"PC, PlayStation 4, PlayStation 5",84,43.68,84.84,145.08,86.45,818,4704,51,146
76406,NieR Replicant ver.1.22474487139...,2021,"PC, PlayStation 4, Xbox One",83,19.94,40.68,70.09,40.53,4149,5830,79,175
72839,Sons of The Forest,2024,PC,71,18.66,27.76,55.2,27.63,1325,2297,97,196
34086,American Truck Simulator,2016,"Linux, Mac, PC",77,22.94,75.53,114.6,62.13,369,5482,111,602
1410,Burnout Paradise Remastered,2018,"Nintendo Switch, PC, PlayStation 4, Xbox One",76,10.8,19.74,37.58,16.2,2142,8167,66,1597
87232,"Warhammer 40,000: Darktide",2022,"PC, PlayStation 5, Xbox Series X/S",72,26.57,70.89,198.39,47.83,331,3048,95,201
42835,Xenoblade Chronicles 2,2017,"Nintendo Switch, Nintendo Switch 2",85,61.83,104.95,255.29,95.4,4815,4322,60,250
37186,Stellaris,2016,"PC, PlayStation 4, Xbox One",80,32.3,93.88,415.46,91.72,1035,7714,89,787
151283,Caravan SandWitch,2024,"Nintendo Switch, PC, PlayStation 5",70,6.99,9.08,10.25,9.23,395,1588,60,29
20076,ABZÛ,2016,"Nintendo Switch, PC, PlayStation 4, Xbox One",74,1.93,2.45,4.04,2.24,8270,7422,46,413
21246,Assassin's Creed: Rogue,2014,"Nintendo Switch, PC, PlayStation 3, PlayStation 4, Xbox 360, Xbox One",72,10.81,22.29,40.01,20.68,5831,6046,57,282
17536,Goat Simulator,2014,"Linux, Mac, Mobile, Nintendo Switch, PC, PlayStation 3, PlayStation 4, Xbox 360, Xbox One",58,2.16,6.54,11.81,6.92,2684,6434,83,1477
4672,Indigo Prophecy,2005,"Linux, Mac, Mobile, PC, PlayStation 2, PlayStation 4, Xbox, Xbox 360",70,8.11,9.15,10.14,8.73,2642,6394,53,269
3516,Final Fantasy V,1992,"Game Boy Advance, Mobile, Nintendo Switch, PC, PlayStation, PlayStation 4, PlayStation Portable, Super Nintendo, Xbox One, Xbox Series X/S",80,30.31,35.6,51.12,35.89,2372,5382,47,185
109060,Call of Duty: Modern Warfare II,2022,"PC, PlayStation 4, PlayStation 5, Xbox One, Xbox Series X/S",72,8.17,11.88,28.64,9.59,2771,2197,55,350
92511,PowerWash Simulator,2022,"Meta Quest, Mobile, Nintendo Switch, PC, PlayStation 4, PlayStation 5, Xbox One, Xbox Series X/S",79,40.22,52.99,65.28,52.54,2083,2544,117,365
13557,Hyper Light Drifter,2016,"Linux, Mac, Mobile, Nintendo Switch, PC, PlayStation 4, Xbox One",80,7.76,11.76,27.29,10.15,3073,8747,51,448
7240,Postal 2,2003,PC,72,7.0,12.59,33.21,10.99,2542,6424,81,625
187407,MECCHA CHAMELEON,2026,"Nintendo Switch 2, PC",74,3.73,,,3.73,72,176,176,18
81950,The Stanley Parable: Ultra Deluxe,2022,"Linux, Mac, Nintendo Switch, PC, PlayStation 4, PlayStation 5, Xbox One, Xbox Series X/S",81,2.11,5.23,12.76,5.88,3365,3374,70,139
21445,SEGA Genesis Classics Collection,2010,"Linux, Mac, Nintendo Switch, PC, PlayStation 3, PlayStation 4",72,7.2,12.31,13.62,10.97,678,10344,83,1302
10482,Tomb Raider: Underworld,2008,"Nintendo DS, PC, PlayStation 2, PlayStation 3, Wii, Xbox 360, Xbox One",70,9.86,12.25,18.7,11.04,1943,8831,43,459
89877,Life Is Strange: True Colors,2021,"Google Stadia, Nintendo Switch, PC, PlayStation 4, PlayStation 5, Xbox One, Xbox Series X/S",78,10.15,12.14,13.1,11.74,3550,4013,41,105
60050,Pathfinder: Kingmaker,2018,"PC, PlayStation 4, Xbox One",74,76.82,132.32,209.01,137.1,867,7240,53,332
10071,The Lord of the Rings: War in the North,2011,"Nintendo Switch, Nintendo Switch 2, PC, PlayStation 3, PlayStation 5, Xbox 360, Xbox Series X/S",69,12.11,15.78,29.38,15.15,1529,5646,61,713
51504,SUPERHOT: MIND CONTROL DELETE,2020,"Google Stadia, PC, PlayStation 4, Xbox One",71,7.19,11.87,14.21,11.59,1498,7046,49,381
191041,Metroid Ravenous,2027,Nintendo Switch 2,0,,,,,0,70,1,0
137867,Tomb Raider I-III Remastered Starring Lara Croft,2024,"Mobile, Nintendo Switch, Nintendo Switch 2, PC, PlayStation 4, PlayStation 5, Xbox One, Xbox Series X/S",79,38.24,70.15,93.73,65.67,233,3286,96,93
9548,System Shock 2,1999,"Nintendo Switch, Nintendo Switch 2, PC, PlayStation 4, PlayStation 5, Xbox One, Xbox Series X/S",87,13.3,17.22,22.4,15.62,1486,10465,42,515
8763,Sonic Generations,2011,"Nintendo 3DS, PC, PlayStation 3, Xbox 360",77,5.42,10.52,23.77,8.64,5079,8394,56,619
4983,Killing Floor,2009,PC,72,17.74,54.22,296.28,57.09,1454,8451,86,2274
3349,Fallout Tactics: Brotherhood of Steel,2001,PC,62,25.57,46.84,49.23,41.3,394,8305,52,533
3296,F.E.A.R. 3,2011,"PC, PlayStation 3, Xbox 360",61,5.81,7.94,17.97,6.56,3056,9332,63,583
141849,The First Berserker: Khazan,2025,"PC, PlayStation 5, Xbox Series X/S",82,34.23,46.76,57.59,49.68,600,960,83,54
86977,Toem,2021,"Mobile, Nintendo Switch, PC, PlayStation 5, Xbox One, Xbox Series X/S",81,3.39,4.45,6.11,5.15,2175,4030,51,92
81093,Bomb Rush Cyberfunk,2023,"Nintendo Switch, PC, PlayStation 4, PlayStation 5, Xbox One, Xbox Series X/S",82,10.09,13.5,23.5,13.19,908,3334,52,129
62519,Greedfall,2019,"PC, PlayStation 4, PlayStation 5, Xbox One, Xbox Series X/S",70,23.28,41.28,52.07,41.23,1418,6034,51,388
19795,Star Wars: The Force Unleashed - Ultimate Sith Edition,2009,"Mac, PC, PlayStation 3, Xbox 360",70,8.08,10.89,17.45,9.6,2615,6716,54,458
37862,Injustice 2,2017,"Mobile, PC, PlayStation 4, Xbox One",76,5.69,15.74,53.21,9.23,3234,4727,71,309
101083,Uncharted: Legacy of Thieves Collection,2022,"PC, PlayStation 4, PlayStation 5",87,20.55,25.4,52.29,24.74,2243,3344,78,89
63099,Kingdom Two Crowns,2018,"Mobile, Nintendo Switch, PC, PlayStation 4, Xbox One",77,21.37,29.04,60.41,27.33,787,5998,69,281
52194,The Forgotten City,2021,"Nintendo Switch, PC, PlayStation 4, PlayStation 5, Xbox One, Xbox Series X/S",82,6.03,8.49,10.59,8.39,2543,4787,50,113
33713,Tales of Berseria,2016,"Nintendo Switch, PC, PlayStation 3, PlayStation 4, PlayStation 5, Xbox Series X/S",80,44.38,67.38,152.63,60.83,2815,9075,64,391
9119,Star Wars: Republic Commando,2005,"Nintendo Switch, PC, PlayStation 4, Xbox",76,8.73,9.88,10.25,9.14,2509,7259,47,472
9087,Star Wars Jedi Knight: Jedi Academy,2003,"Nintendo Switch, PC, PlayStation 4, Xbox",78,10.02,11.36,13.96,10.8,2565,8938,52,482
154409,Date Everything!,2025,"Nintendo Switch, PC, PlayStation 5, Xbox Series X/S",73,19.69,46.35,98.88,40.13,134,959,71,48
128401,Nocturnal,2023,"Nintendo Switch, PC, PlayStation 4, PlayStation 5, Xbox One, Xbox Series X/S",73,2.44,2.66,2.95,2.74,314,1072,80,31
76473,Resident Evil: Resistance,2020,"PC, PlayStation 4, Xbox One",45,1.09,36.06,66.35,19.11,229,4393,68,577
130017,Citizen Sleeper 2: Starward Vector,2025,"Nintendo Switch, Nintendo Switch 2, PC, PlayStation 5, Xbox One, Xbox Series X/S",79,9.7,14.79,18.07,14.43,392,952,50,21
75163,Trepang2,2023,"PC, PlayStation 5, Xbox Series X/S",74,5.3,8.34,19.06,7.5,688,2269,52,87
50171,Stick Fight: The Game,2017,"Mac, Nintendo Switch, PC, PlayStation 4, Xbox One",70,1.67,3.43,8.14,5.03,919,4295,90,591
18936,A Story About My Uncle,2014,PC,67,3.06,4.32,9.2,3.42,4392,8686,62,762
10476,Tomb Raider: Anniversary,2007,"Mobile, PC, PlayStation 2, PlayStation 3, PlayStation Portable, Wii, Xbox 360",75,12.15,15.23,20.71,13.85,2177,8622,55,514
3657,Fortnite,2017,"Mobile, Nintendo Switch, Nintendo Switch 2, PC, PlayStation 4, PlayStation 5, Xbox One, Xbox Series X/S",70,66.1,180.2,519.79,142.47,1263,707,134,954
1955,Counter-Strike: Condition Zero,2004,"Linux, Mac, PC",65,3.88,12.9,101.75,16.36,1181,6733,69,1824
145368,Mouthwashing,2024,"Nintendo Switch, PC, PlayStation 5, Xbox Series X/S",81,2.54,2.97,3.57,2.74,2430,1545,42,18
128648,MOUSE: P.I. For Hire,2026,"Nintendo Switch, PC, PlayStation 4, PlayStation 5, Xbox One, Xbox Series X/S",78,12.28,15.71,22.51,15.27,622,608,101,48
57507,Control,2019,"PC, PlayStation 4, PlayStation 5, Xbox One, Xbox Series X/S",80,11.69,19.23,29.02,17.65,6866,5118,56,538
3495,Final Fantasy II,1988,"Game Boy Advance, Mobile, NES, Nintendo 3DS, Nintendo Switch, PC, PlayStation, PlayStation 4, PlayStation Portable, WonderSwan, Xbox One, Xbox Series X/S",65,20.31,24.03,24.22,22.33,2988,3493,53,175
85969,Road 96,2021,"Nintendo Switch, PC, PlayStation 4, PlayStation 5, Xbox One, Xbox Series X/S",76,7.45,8.46,9.43,8.2,2446,4002,53,148
38234,Drawful 2,2016,"Nintendo Switch, PC, PlayStation 4, Xbox One",71,1.9,6.53,6.71,5.53,464,6409,74,668
112684,Lords of the Fallen,2023,"PC, PlayStation 5, Xbox Series X/S",72,28.4,42.26,91.35,39.61,944,1879,68,186
78046,Legend of Keepers: Career of a Dungeon Manager,2020,"Mobile, Nintendo Switch, PC",63,18.07,23.74,63.47,28.42,128,3185,66,90
66255,The Legend of Zelda: Link's Awakening,2019,Nintendo Switch,82,14.08,16.46,20.78,16.05,6987,4089,40,223
65235,Pokémon Sword and Shield,2019,Nintendo Switch,70,25.6,45.03,110.86,42.02,10037,2568,45,370
37353,Dead Island: Riptide - Definitive Edition,2016,"PC, PlayStation 4, Xbox One",64,9.78,17.09,27.35,16.43,948,5841,75,266
8036,S.T.A.L.K.E.R.: Call of Pripyat,2010,"Nintendo Switch, PC, PlayStation 4, Xbox One",80,15.1,23.38,31.92,21.62,1777,8097,49,389
3377,Far Cry 2,2008,"Mobile, PC, PlayStation 3, Xbox 360",67,16.97,25.88,41.08,22.97,2938,8145,64,1222
48177,Figment: Journey Into the Mind,2017,"Google Stadia, Mobile, Nintendo Switch, PC, PlayStation 4, Xbox One",71,5.02,5.57,6.52,5.62,1100,6966,48,282
26481,Dirt Rally,2015,"Linux, Mac, PC, PlayStation 4, Xbox One",76,28.71,66.74,147.97,57.09,620,7661,69,949
7093,Planescape: Torment,1999,"Mobile, Nintendo Switch, PC, PlayStation 4, Xbox One",88,31.21,41.6,64.02,41.92,1119,6543,34,207
1478,Call of Duty: Modern Warfare 3,2011,"PC, PlayStation 3, Wii, Xbox 360",74,6.15,10.16,39.28,7.9,8380,3027,41,452
17454,Dungeon of the Endless,2013,"Nintendo Switch, PC, PlayStation 4, Xbox One",72,7.71,26.33,110.44,18.71,728,8112,69,684
89107,Pokémon Legends: Arceus,2022,Nintendo Switch,80,25.72,45.29,80.32,43.08,5768,2954,67,327
57352,Battlefield V,2018,"PC, PlayStation 4, Xbox One",67,6.25,9.78,36.79,7.88,2684,3676,62,504
4062,Grand Theft Auto IV,2008,"PC, PlayStation 3, Xbox 360",83,27.05,40.37,72.44,33.68,9306,6782,58,1375
117559,Amnesia: The Bunker,2023,"Nintendo Switch, PC, PlayStation 4, Xbox One, Xbox Series X/S",77,5.5,7.43,14.22,6.8,832,2907,55,105
94262,Viewfinder,2023,"Nintendo Switch, PC, PlayStation 4, PlayStation 5, Xbox Series X/S",78,4.1,5.15,6.2,5.13,1849,1889,63,57
29851,Layers of Fear,2016,"Linux, Mac, Nintendo Switch, PC, PlayStation 4, Xbox One",69,3.43,4.66,11.64,4.28,3769,8274,55,443
10477,Tomb Raider: Legend,2006,"Game Boy Advance, Mobile, Nintendo DS, Nintendo GameCube, PC, PlayStation 2, PlayStation 4, PlayStation 5, PlayStation Portable, Xbox, Xbox 360",73,7.19,9.05,14.87,8.39,2686,8091,49,382
9378,Super Mario Galaxy 2,2010,"Nintendo Switch, Wii",90,13.11,20.17,32.28,20.15,4662,3807,50,162
6701,Oddworld: Abe's Oddysee,1997,"PC, PlayStation, PlayStation 4",75,12.58,14.45,14.51,13.43,1018,9144,58,747
2303,Dead Island: Definitive Edition,2016,"PC, PlayStation 3, PlayStation 4, Xbox 360, Xbox One",67,15.37,23.8,51.29,22.21,1976,6258,71,421
61882,Return of the Obra Dinn,2018,"Nintendo Switch, PC, PlayStation 4, Xbox One",88,8.23,9.48,10.51,9.71,5187,4870,44,213
33284,Street Fighter V,2016,"Arcade, PC, PlayStation 4",67,3.36,24.08,136.64,14.38,1325,5262,49,499
1953,Counter-Strike,2000,"Linux, Mac, PC",81,25.38,91.26,774.77,140.39,1448,5955,73,2693
147904,Content Warning,2024,"Nintendo Switch, Nintendo Switch 2, PC, PlayStation 5, Xbox One, Xbox Series X/S",65,7.11,11.05,16.89,8.59,364,2751,100,368
79775,Horizon Forbidden West,2022,"PC, PlayStation 4, PlayStation 5",83,28.62,62.81,89.98,65.56,5645,5174,63,273
59973,State of Mind,2018,"Nintendo Switch, PC, PlayStation 4, Xbox One",68,9.62,11.08,12.5,10.36,414,3697,29,94
57525,Just Cause 4,2018,"PC, PlayStation 4, Xbox One",63,16.19,27.98,54.76,25.12,1258,6038,47,400
45153,Star Wars: Battlefront II,2017,"PC, PlayStation 4, Xbox One",70,6.26,10.06,68.69,9.44,4209,4569,86,555
15343,The Walking Dead: Season 2,2013,"Mobile, PC, Nintendo Switch, PlayStation 3, PlayStation 4, PlayStation Vita, Xbox 360, Xbox One",80,9.14,10.11,10.34,9.69,9363,7999,40,350
109435,Crisis Core: Final Fantasy VII Reunion,2022,"Nintendo Switch, Nintendo Switch 2, PC, PlayStation 4, PlayStation 5, Xbox One, Xbox Series X/S",76,13.81,21.07,46.34,22.1,3257,3257,55,132
64768,Subnautica: Below Zero,2021,"Nintendo Switch, Nintendo Switch 2, PC, PlayStation 4, PlayStation 5, Xbox One, Xbox Series X/S",76,20.2,26.35,30.87,26.05,2237,3751,67,223
52343,Hunt: Showdown,2018,"PC, PlayStation 4, PlayStation 5, Xbox One, Xbox Series X/S",77,55.77,321.51,552.71,245.94,363,2316,88,429
33860,LEGO Marvel's Avengers,2016,"Nintendo 3DS, PC, PlayStation 3, PlayStation 4, PlayStation Vita, Wii U, Xbox 360, Xbox One",69,8.43,18.86,36.29,26.71,1723,4638,59,154
4478,Hitman: Codename 47,2000,PC,65,10.98,14.3,15.23,12.26,1370,6601,46,630
3435,Fez,2012,"Mac, Mobile, Nintendo Switch, PC, PlayStation 3, PlayStation 4, PlayStation Vita, Xbox 360",80,5.96,8.26,11.69,8.57,4841,11669,71,1445
49226,The LEGO Ninjago Movie Videogame,2017,"Nintendo Switch, PC, PlayStation 4, Xbox One",66,6.25,10.04,17.88,13.29,1085,6200,69,250
46568,The Evil Within 2,2017,"PC, PlayStation 4, Xbox One",80,13.35,18.45,28.51,17.55,3289,6137,40,152
37832,Final Fantasy XII: The Zodiac Age,2017,"Nintendo Switch, PC, PlayStation 4, Xbox One",80,40.65,62.27,105.0,58.83,2565,6913,53,275
30957,Furi,2016,"Amazon Luna, Nintendo Switch, PC, PlayStation 4, Xbox One",79,5.46,7.58,18.34,6.53,2540,6280,47,442
21278,Sunset Overdrive,2014,"PC, Xbox One",79,10.08,17.66,34.21,15.17,3034,7540,57,445
8194,Scribblenauts Unlimited,2012,"Mobile, Nintendo 3DS, PC, Wii U",72,7.22,10.45,13.07,10.67,3086,7517,54,1012
1468,Call of Duty 4: Modern Warfare,2007,"Nintendo DS, PC, PlayStation 3, Xbox 360",81,6.89,9.28,16.24,7.49,9504,2961,34,412
86028,Fields of Mistria,2026,"Linux, PC",83,46.85,75.64,109.73,72.12,79,932,115,23
79793,Kena: Bridge of Spirits,2021,"Nintendo Switch 2, PC, PlayStation 4, PlayStation 5, Xbox One, Xbox Series X/S",79,10.28,14.44,20.71,13.79,3927,3675,73,316
68032,Planet Zoo,2019,"PC, PlayStation 5, Xbox Series X/S",80,34.77,60.97,104.18,69.55,368,4393,77,344
129954,Jusant,2023,"PC, PlayStation 5, Xbox Series X/S",78,4.52,5.84,7.92,5.64,2637,3191,48,141
18226,Endless Legend,2014,PC,72,15.48,33.5,267.19,30.83,692,7411,82,729
16627,100% Orange Juice,2009,PC,64,8.42,39.96,50.85,18.8,395,4971,69,724
12655,Rayman Legends,2013,"Google Stadia, Nintendo Switch, PC, PlayStation 3, PlayStation 4, PlayStation Vita, Wii U, Xbox 360, Xbox One",84,10.04,16.18,31.56,16.39,4813,6969,58,563
11042,"Warhammer 40,000: Dawn of War - Winter Assault",2005,PC,74,10.4,12.95,18.08,12.07,926,4789,37,331
38061,Death Stranding,2019,"PC, PlayStation 4",85,40.54,60.09,113.0,57.81,7387,7571,53,795
26801,South Park: The Fractured But Whole,2017,"Nintendo Switch, PC, PlayStation 4, Xbox One",79,18.19,22.59,28.25,22.73,5200,6333,68,264
9085,Star Wars Jedi Knight II: Jedi Outcast,2002,"Nintendo GameCube, Nintendo Switch, PC, PlayStation 4, Xbox",78,12.7,16.49,18.28,14.61,1937,8148,40,473
8037,S.T.A.L.K.E.R.: Clear Sky,2008,"Nintendo Switch, PC, PlayStation 4, Xbox One",69,12.69,22.51,36.5,18.62,1516,7079,45,362
5953,Metroid Prime,2002,"Nintendo GameCube, Nintendo Switch, Wii",87,13.82,15.91,17.77,15.41,5050,4577,31,346
4257,Half-Life: Source,2004,"Linux, Mac, PC",75,11.13,13.11,14.19,11.76,2460,8640,63,1157
929,BattleBlock Theater,2013,"Linux, Mac, PC, Xbox 360",76,10.17,17.37,43.26,13.6,3374,8365,80,1437
165767,Schedule I,2025,PC,77,17.39,38.03,47.65,31.99,439,1432,126,137
81121,S.T.A.L.K.E.R. 2: Heart of Chornobyl,2024,"PC, PlayStation 5, Xbox Series X/S",76,36.1,71.04,131.0,65.77,712,1605,74,145
7308,Prison Architect,2015,"Linux, Mac, Mobile, Nintendo Switch, PC, PlayStation 4, Xbox One",72,16.88,43.71,70.2,30.85,1385,8655,85,1285
77760,Scorn,2022,"PC, PlayStation 5, Xbox Series X/S",68,5.34,6.03,6.22,5.8,1488,3445,58,265
10028,The Legend of Zelda: A Link to the Past,1991,"Game Boy Advance, Super Nintendo",87,14.95,16.92,17.19,16.2,5621,4082,47,325
1956,Counter-Strike: Condition Zero Deleted Scenes,2004,"Linux, Mac, PC",61,6.17,7.22,8.17,6.82,1030,6831,61,1692
61868,LEGO DC Super-Villains,2018,"Nintendo Switch, PC, PlayStation 4, Xbox One",74,10.43,18.65,41.66,24.03,1126,4589,65,138
55219,PC Building Simulator,2018,"PC, PlayStation 4, Xbox One",67,22.38,60.03,100.03,51.07,535,5293,69,597
4123,Grim Fandango,1998,"Mobile, Nintendo Switch, PC, PlayStation 4, PlayStation Vita, Xbox One",80,10.92,11.53,12.02,11.26,3417,10646,51,565
162926,CloverPit,2025,"Mobile, Nintendo Switch, Nintendo Switch 2, PC, PlayStation 4, PlayStation 5, Xbox Series X/S",74,7.49,12.19,44.89,10.15,399,654,87,68
103519,Mina the Hollower,2026,"Nintendo Switch, Nintendo Switch 2, PC, PlayStation 4, PlayStation 5, Xbox One, Xbox Series X/S",87,18.72,24.59,31.5,23.92,574,578,118,33
67709,Back 4 Blood,2021,"PC, PlayStation 4, PlayStation 5, Xbox One, Xbox Series X/S",64,12.08,23.15,97.55,17.15,1254,4216,71,540
11040,"Warhammer 40,000: Dawn of War - Dark Crusade",2006,PC,81,15.18,30.52,51.27,20.26,942,4874,39,345
10468,Tomb Raider,1996,"Mobile, N-Gage, Nintendo Switch, PC, PlayStation, PlayStation 4, PlayStation 5, Sega Saturn, Xbox One, Xbox Series X/S",76,15.6,17.92,20.11,17.01,3805,7594,49,608
9136,Star Wars: The Force Unleashed II,2010,"Nintendo DS, PC, PlayStation 3, PlayStation Portable, Wii, Xbox 360",66,5.2,7.03,11.99,5.87,3269,7143,39,357
8749,Sonic Adventure 2,2001,"Dreamcast, PC, PlayStation 3, Xbox 360",74,9.1,16.12,48.05,12.64,2338,6938,58,326
129961,Dungeons of Hinterberg,2024,"PC, PlayStation 4, PlayStation 5, Xbox One, Xbox Series X/S",79,15.49,21.29,26.02,21.5,511,2127,40,94
109776,Dome Keeper,2022,"Linux, Mac, PC, Xbox Series X/S",72,4.86,12.92,34.03,12.45,602,3297,81,160
68043,Darksiders: Genesis,2019,"Google Stadia, Nintendo Switch, PC, PlayStation 4, Xbox One",73,14.22,20.41,31.37,19.38,1248,5541,61,225
67579,Crystal Crisis,2019,"Nintendo Switch, PC",64,2.27,,11.25,3.0,34,251,6,19
20077,Uncharted 4: A Thief's End,2016,"PC, PlayStation 4, PlayStation 5",88,15.09,18.02,31.38,16.42,14005,5254,26,177
7452,Quake,1996,"Amiga, Mobile, Nintendo Switch, PC, PlayStation 4, PlayStation 5, Sega Saturn, Xbox One, Xbox Series X/S",80,5.37,7.74,18.61,7.03,2475,4795,57,295
2704,Doom 3,2004,"Nintendo Switch, PC, PlayStation 3, PlayStation 4, Xbox, Xbox 360, Xbox One",74,10.95,13.06,16.87,12.13,2252,6468,47,494
60176,The Messenger,2018,"Nintendo Switch, PC, PlayStation 4, PlayStation 5, Xbox One",83,12.04,14.48,16.12,14.41,3434,6299,55,376
46570,LEGO Marvel Super Heroes 2,2017,"Nintendo Switch, PC, PlayStation 4, Xbox One",68,12.75,26.01,59.98,31.94,1238,4673,65,170
33405,Pony Island,2016,"Linux, Mac, PC",74,2.4,2.96,4.69,2.91,3861,4984,52,201
49382,Battlestar Galactica: Deadlock,2017,PC,64,19.18,28.65,44.38,26.98,155,5239,60,206
31216,Kingdom: Classic,2015,PC,72,7.94,13.37,24.55,13.14,1181,8186,60,745
26802,Mass Effect: Andromeda,2017,"PC, PlayStation 4, Xbox One",69,18.32,62.74,93.89,64.77,3733,6156,48,471
5250,LEGO Harry Potter: Years 1-4,2010,"Mobile, Nintendo 3DS, Nintendo DS, Nintendo Switch, PC, PlayStation 3, PlayStation 4, PlayStation 5, PlayStation Portable, Wii, Xbox 360, Xbox One, Xbox Series X/S",73,12.06,17.44,27.39,19.67,3258,5685,51,393
4117,Grid 2,2013,"PC, PlayStation 3, Xbox 360, Xbox One",70,17.61,21.82,29.56,21.31,1352,7455,63,1029
3117,Endless Space,2012,PC,69,15.76,41.87,113.46,28.27,697,8275,61,915
2709,Doom 64,1997,"Google Stadia, Nintendo 64, Nintendo Switch, PC, PlayStation 4, Xbox One",74,7.15,9.24,10.51,8.36,1545,5642,44,293
124745,The Thaumaturge,2024,"PC, PlayStation 5, Xbox Series X/S",72,16.63,25.56,39.04,25.43,391,2158,42,56
48142,Cat Quest,2017,"Mobile, Nintendo Switch, PC, PlayStation 4, PlayStation 5",73,5.65,7.98,10.68,8.04,2869,3688,58,179
30662,Warhammer: End Times - Vermintide,2015,"PC, PlayStation 4, Xbox One",68,8.38,28.0,146.0,17.25,1007,6326,58,738
20855,Danganronpa 2: Goodbye Despair,2012,"Mobile, Nintendo Switch, PC, PlayStation 4, PlayStation Portable, PlayStation Vita, Xbox One",84,33.64,41.73,60.3,38.77,5049,4774,44,149
6768,Onimusha: Warlords,2001,"Nintendo Switch, PC, PlayStation 2, PlayStation 4, Xbox, Xbox One",77,4.52,5.67,11.91,5.33,1536,1836,27,81
44914,The Surge,2017,"PC, PlayStation 4, Xbox One",72,20.86,28.86,49.84,28.9,1154,6296,53,465
24505,Geometry Dash,2013,"Mac, Mobile, PC",78,20.86,209.73,1301.97,317.01,829,2944,108,667
17455,Factorio,2020,"Linux, Mac, Nintendo Switch, Nintendo Switch 2, PC",88,52.94,92.53,227.19,74.92,1808,4790,119,613
98168,Deltarune,2025,"Mac, Nintendo Switch, Nintendo Switch 2, PC, PlayStation 4, PlayStation 5",89,28.18,35.96,53.37,36.49,365,1205,150,32
84604,The Dark Pictures: House of Ashes,2021,"PC, PlayStation 4, PlayStation 5, Xbox One, Xbox Series X/S",72,6.04,7.18,20.26,6.51,2175,3529,42,53
80102,Returnal,2021,"PC, PlayStation 5",83,19.13,30.56,63.89,28.22,2365,3621,70,462
10651,Trine,2009,"Nintendo Switch, OnLive, PC, PlayStation 3, PlayStation 4, Wii U, Xbox 360",74,6.18,8.45,14.7,7.72,5433,8651,56,802
38053,Sea of Thieves,2018,"PC, PlayStation 5, Xbox One, Xbox Series X/S",72,45.4,177.72,724.82,148.38,931,2966,82,827
13501,Cookie Clicker,2013,"Browser, Mobile, Nintendo Switch, Nintendo Switch 2, PC, PlayStation 4, PlayStation 5, Xbox Series X/S",71,143.91,363.15,804.68,453.86,983,2136,108,502
85975,Ready or Not,2023,"PC, PlayStation 5, Xbox Series X/S",78,16.07,31.24,58.9,25.79,759,2288,123,206
57480,Tom Clancy's The Division 2,2019,"Google Stadia, PC, PlayStation 4, Xbox One",73,26.02,48.44,103.08,43.05,1596,2438,77,375
10674,Tropico 4,2011,"PC, Xbox 360",75,40.42,62.86,108.33,61.99,1150,8575,60,1252
135404,Mewgenics,2026,"Nintendo Switch 2, PC, PlayStation 5, Xbox Series X/S",80,82.27,132.19,283.76,129.56,145,571,109,80
106639,Hell is Us,2025,"Nintendo Switch 2, PC, PlayStation 5, Xbox Series X/S",77,21.28,28.64,33.88,28.1,417,767,71,67
67361,The Dark Pictures: Man of Medan,2019,"Nintendo Switch, PC, PlayStation 4, PlayStation 5, Xbox One, Xbox Series X/S",65,4.42,5.52,18.64,5.05,3859,4647,49,120
62073,Call of Cthulhu,2018,"Nintendo Switch, PC, PlayStation 4, Xbox One",68,8.16,9.8,13.26,9.25,1715,5413,48,134
55661,Forza Horizon 4,2018,"PC, Xbox One, Xbox Series X/S",84,15.62,50.28,162.68,51.6,2826,3276,82,660
24013,LEGO Jurassic World,2015,"Mobile, PC, Nintendo 3DS, Nintendo Switch, PlayStation 3, PlayStation 4, PlayStation Vita, Wii U, Xbox 360, Xbox One",73,10.25,17.51,29.59,22.12,1877,4202,55,165
21586,Styx: Master of Shadows,2014,"PC, PlayStation 4, Xbox One",70,17.06,22.13,41.37,22.91,1079,7005,59,394
11774,Rogue Legacy,2013,"Mobile, PC, Nintendo Switch, PlayStation 3, PlayStation 4, PlayStation Vita, Xbox One",77,16.44,26.34,39.05,21.66,3829,8052,60,1363
9521,Syberia,2002,"Mobile, Nintendo DS, Nintendo Switch, PC, PlayStation 2, PlayStation 3, Xbox, Xbox 360",75,9.58,11.29,12.09,10.43,1924,7122,50,374
7297,Prince of Persia: The Sands of Time,2003,"Game Boy Advance, Mobile, Nintendo GameCube, PC, PlayStation 2, PlayStation 3, Xbox",80,8.67,9.71,10.31,9.2,4283,5227,50,358
3297,F.E.A.R. Extraction Point,2006,"PC, Xbox 360",71,4.35,5.19,5.94,4.8,2142,8032,43,526
144799,Until Then,2024,"Linux, Mac, Nintendo Switch, PC, PlayStation 5, Xbox Series X/S",84,16.01,21.58,28.1,19.37,502,1324,51,20
1483,Call of Duty: World at War,2008,"Nintendo DS, PC, PlayStation 2, PlayStation 3, Wii, Xbox 360, Xbox One",76,6.99,11.15,26.63,8.27,6249,3004,49,431
183321,Scritchy Scratchy,2026,"Mac, PC",74,7.53,9.31,14.36,11.35,485,198,66,16
46437,Metroid Prime 4: Beyond,2025,"Nintendo Switch, Nintendo Switch 2",74,13.3,16.05,17.91,15.78,1247,1006,44,60
38300,Shadow Tactics: Blades of the Shogun,2016,"Linux, Mac, Nintendo Switch 2, PC, PlayStation 4, Xbox One",82,24.89,30.43,56.62,27.95,1416,8087,56,385
62412,Forager,2019,"Mobile, Nintendo Switch, PC, PlayStation 4, Xbox One",73,15.47,24.88,42.69,31.19,2054,5048,65,412
47540,The Escapists 2,2017,"Mobile, Nintendo Switch, PC, PlayStation 4, Xbox One",69,16.98,31.94,59.7,26.77,560,5588,65,489
43414,Conan Exiles,2018,"PC, PlayStation 4, Xbox One",59,39.36,117.9,169.34,99.0,503,4241,49,655
3376,Far Cry,2004,"PC, PlayStation 3, Xbox, Xbox 360",69,12.57,16.16,19.38,14.31,2833,5436,44,687
45951,Surviving Mars,2018,"Linux, Mac, PC, PlayStation 4, Xbox One",69,22.28,45.91,190.27,39.88,719,9023,63,659
7140,Pokémon Black and White,2010,"Nintendo 3DS, Nintendo DS",83,31.61,60.29,163.69,46.5,6713,2122,35,246
77922,The Ascent,2021,"Nintendo Switch 2, PC, PlayStation 4, PlayStation 5, Xbox One, Xbox Series X/S",70,11.98,18.82,26.21,18.37,1131,5157,62,374
43480,Mario Kart 8 Deluxe,2017,Nintendo Switch,86,6.26,22.77,53.77,23.87,5638,2031,61,353
42532,Wasteland 3,2020,"PC, PlayStation 4, Xbox One",80,35.82,49.52,75.67,50.33,957,5136,41,206
24212,RimWorld,2018,"Linux, Mac, PC, PlayStation 4, Xbox One",87,65.02,109.15,279.34,99.4,848,4363,94,478
10046,The Legend of Zelda: Twilight Princess,2006,"Nintendo GameCube, Wii",87,37.05,44.85,54.75,42.92,5390,3693,49,278
3299,F.E.A.R. Perseus Mandate,2007,"PC, Xbox 360",68,5.0,6.17,7.22,5.4,1798,8106,42,528
67295,Noita,2019,PC,79,26.21,83.12,153.54,41.47,489,4352,94,370
50419,Nioh: Complete Edition,2017,"PC, PlayStation 4, PlayStation 5",77,41.84,72.97,143.8,70.95,1613,5827,70,456
21699,Lara Croft and the Temple of Osiris,2014,"Google Stadia, Nintendo Switch, PC, PlayStation 4, Xbox One",68,5.26,7.05,13.51,6.56,1350,8490,68,502
9100,Star Wars: Dark Forces,1995,"Nintendo Switch, PC, PlayStation, PlayStation 4, PlayStation 5, Xbox One, Xbox Series X/S",71,8.39,10.16,11.84,9.23,1437,6854,47,611
101756,Sniper Elite 5,2022,"PC, PlayStation 4, PlayStation 5, Xbox One, Xbox Series X/S",73,10.94,20.35,41.93,18.42,976,1715,45,122
1683,Chivalry: Medieval Warfare,2012,"PC, PlayStation 4, Xbox One",67,13.61,39.33,172.15,61.0,880,6142,72,2292
162277,Mario Kart World,2025,Nintendo Switch 2,81,4.15,16.5,54.56,10.55,1809,531,75,56
71763,Crusader Kings III,2020,"PC, PlayStation 5, Xbox Series X/S",81,72.56,159.46,592.71,138.98,576,4346,86,362
12652,The Bureau: XCOM Declassified,2013,"PC, PlayStation 3, Xbox 360",65,10.5,14.38,17.68,13.4,1755,9065,62,817
4834,Jet Set Radio,2000,"Dreamcast, Game Boy Advance, Mobile, PC, PlayStation 3, PlayStation Vita, Xbox 360",76,6.85,9.4,21.27,8.33,1592,9774,58,793
2302,Dead Island,2011,"PC, PlayStation 3, Xbox 360, Xbox One",68,18.5,27.99,48.78,25.96,4710,8006,46,1777
102565,Against the Storm,2023,"Nintendo Switch, PC, PlayStation 4, PlayStation 5, Xbox One, Xbox Series X/S",77,37.55,105.91,267.73,84.36,207,3150,75,203
57443,The Awesome Adventures of Captain Spirit,2018,"PC, PlayStation 4, Xbox One",71,1.61,1.98,2.15,1.96,4326,4002,53,236
26294,Wizard of Legend,2018,"Linux, Mac, Nintendo Switch, PC, PlayStation 4, Xbox One",71,8.69,16.25,26.41,17.42,740,7092,54,440
19776,Unturned,2014,"Linux, Mac, PC, PlayStation 4, Xbox One",59,21.76,90.79,120.17,63.36,1242,6214,106,2841
4010,Gone Home,2013,"Linux, Mac, Mobile, Nintendo Switch, PC, PlayStation 3, PlayStation 4, Xbox 360, Xbox One",72,1.99,2.53,3.11,2.2,8624,6547,41,333
157979,Tomb Raider IV-VI Remastered,2025,"Nintendo Switch, PC, PlayStation 4, PlayStation 5, Xbox One, Xbox Series X/S",76,32.74,49.74,75.83,46.75,65,1463,41,13
30933,Keep Talking and Nobody Explodes,2015,"Mobile, Nintendo Switch, Oculus Go, Meta Quest, PC, PC VR, PlayStation 4, PlayStation VR, Xbox One",79,5.21,6.7,13.83,7.64,841,4664,74,557
18971,Murdered: Soul Suspect,2014,"PC, PlayStation 3, PlayStation 4, Xbox 360, Xbox One",68,6.87,8.73,11.51,8.89,3771,7132,46,466
9634,Team Fortress Classic,1999,PC,70,14.18,20.5,20.5,20.9,461,7618,55,2084
4479,Hitman: Contracts,2004,"PC, PlayStation 2, PlayStation 3, Xbox, Xbox 360",75,9.43,12.04,16.78,10.83,1227,5356,31,265
3525,Final Fantasy X,2001,"Nintendo Switch, PC, PlayStation 2, PlayStation 3, PlayStation 4, PlayStation Vita, Xbox One",87,45.45,67.79,139.45,62.52,5860,4100,36,375
116190,Control: Resonant,2026,"PC, PlayStation 5, Xbox Series X/S",0,,,,,0,403,16,0
80383,Turnip Boy Commits Tax Evasion,2021,"Linux, Mac, Mobile, Nintendo Switch, PC, PlayStation 4, Xbox One",74,2.12,2.68,3.27,2.85,3245,4451,46,119
69743,Dragon Quest XI S: Echoes of an Elusive Age - Definitive Edition,2019,"Google Stadia, Nintendo Switch, Nintendo Switch 2, PC, PlayStation 4, Xbox One",87,57.66,89.76,129.29,83.05,3264,5560,71,346
69314,The Last Campfire,2020,"Mobile, Nintendo Switch, PC, PlayStation 4, Xbox One",78,5.23,5.99,6.46,6.14,1734,3311,52,76
48568,Biomutant,2021,"Nintendo Switch, PC, PlayStation 4, PlayStation 5, Xbox One, Xbox Series X/S",59,13.0,24.48,42.36,24.16,828,4281,41,336
9522,Syberia II,2004,"Mobile, Nintendo Switch, PC, PlayStation 2, PlayStation 3, Xbox, Xbox 360",73,7.59,9.3,9.9,8.34,1332,6817,42,282
8932,Spelunky,2012,"Nintendo Switch, PC, PlayStation 3, PlayStation 4, PlayStation Vita, Xbox 360, Xbox One",78,20.26,44.36,95.49,39.48,1089,8191,52,1115
88748,The Legend of Zelda: Skyward Sword HD,2021,Nintendo Switch,81,30.84,38.66,42.19,36.91,2943,3329,44,168
60754,Judgment,2018,"Amazon Luna, Google Stadia, PC, PlayStation 4, PlayStation 5, Xbox Series X/S",84,27.66,46.21,99.43,43.6,2889,3478,48,128
39099,Skullgirls 2nd Encore,2015,"Nintendo Switch, PC, PlayStation 4, PlayStation Vita, Xbox One, Xbox Series X/S",74,3.21,15.27,68.26,7.71,643,5252,65,405
177567,Vampire Crawlers: The Turbo Wildcard from Vampire Survivors,2026,"Mobile, Nintendo Switch, PC, PlayStation 4, PlayStation 5, Xbox One, Xbox Series X/S",83,17.44,22.19,25.6,22.55,418,331,81,35
93485,Jurassic World Evolution 2,2021,"Nintendo Switch 2, PC, PlayStation 4, PlayStation 5, Xbox One, Xbox Series X/S",73,6.02,36.43,108.28,21.34,430,3926,56,171
57358,Unravel Two,2018,"Nintendo Switch, PC, PlayStation 4, Xbox One",76,5.1,7.29,14.03,5.92,2152,3589,55,195
52787,My Time At Portia,2018,"Mobile, Nintendo Switch, PC, PlayStation 4, Xbox One",71,69.17,110.31,141.33,106.91,715,6359,51,573
37795,Hearts of Iron IV,2016,PC,78,51.79,384.98,1158.41,289.24,615,4411,69,506
7365,Prototype,2009,"PC, PlayStation 3, PlayStation 4, Xbox 360, Xbox One",71,11.04,16.48,31.22,14.24,3156,4359,43,395
85927,Grime,2021,"Google Stadia, Nintendo Switch, PC, PlayStation 4, PlayStation 5, Xbox One, Xbox Series X/S",75,12.36,18.77,29.71,18.81,462,4098,43,163
15596,Rust,2018,"PC, PlayStation 4",66,29.97,104.33,110.24,55.76,765,5046,86,1763
6939,Pathologic,2005,PC,77,28.65,41.96,80.43,44.57,362,6714,46,261
4981,Killer Is Dead,2013,"PC, PlayStation 3, Xbox 360, Xbox One",68,7.18,10.6,25.83,9.11,1774,7539,43,467
2705,Doom 3: BFG Edition,2012,"Nintendo Switch, PC, PlayStation 3, PlayStation 4, Xbox 360, Xbox One",71,9.61,15.79,37.93,13.89,1642,6363,46,339
151301,Astro Bot,2024,PlayStation 5,93,11.09,15.17,18.51,16.46,4151,1466,38,33
77090,XCOM: Chimera Squad,2020,PC,72,21.27,27.12,64.47,25.59,799,5990,43,188
65947,Outward,2019,"Nintendo Switch, PC, PlayStation 4, PlayStation 5, Xbox One, Xbox Series X/S",60,32.0,52.88,97.69,53.12,338,5326,50,377
23963,Besiege,2015,"Linux, Mac, Nintendo Switch, PC, PlayStation 4, PlayStation 5, Xbox One, Xbox Series X/S",68,6.08,14.09,16.9,9.94,629,5707,69,923
68042,Destroy All Humans!,2020,"Google Stadia, Nintendo Switch, Nintendo Switch 2, PC, PlayStation 4, Xbox One",71,7.58,10.42,14.55,10.32,1625,4829,54,185
24012,SteamWorld Heist,2015,"Google Stadia, Linux, Mac, Mobile, Nintendo 3DS, Nintendo Switch, PC, PlayStation 4, PlayStation Vita, Wii U",79,12.51,16.56,20.94,15.57,1656,6422,39,332
2981,Dust: An Elysian Tail,2012,"Mobile, Nintendo Switch, PC, PlayStation 4, Xbox 360",78,10.14,13.55,18.42,13.87,3995,9682,40,905
45166,RUINER,2017,"Nintendo Switch, PC, PlayStation 4, Xbox One",72,5.42,7.48,15.86,6.35,1458,5351,44,284
12654,Final Fantasy XIV,2013,"Nintendo Switch 2, PC, PlayStation 3, PlayStation 4, PlayStation 5, Xbox Series X/S",82,98.52,311.45,3648.87,273.12,1946,2798,111,1022
10471,Tomb Raider II,1997,"Mobile, Nintendo Switch, PC, PlayStation, PlayStation 4, PlayStation 5, Xbox One, Xbox Series X/S",76,16.01,20.24,21.7,18.35,1307,6564,41,403
4494,Homefront,2011,"OnLive, PC, PlayStation 3, Xbox 360",59,4.16,5.51,9.51,4.58,3264,6282,48,530
94537,Final Fantasy III,1990,"Mobile, NES, Nintendo Switch, PC, PlayStation 4, Xbox One, Xbox Series X/S",73,15.95,18.01,18.49,17.65,1679,2744,36,51
94194,Two Point Campus,2022,"Nintendo Switch, PC, PlayStation 4, PlayStation 5, Xbox One, Xbox Series X/S",72,27.22,49.92,66.53,49.34,267,3090,42,149
67967,SpongeBob SquarePants: Battle for Bikini Bottom - Rehydrated,2020,"Amazon Luna, Google Stadia, Mobile, Nintendo Switch, PC, PlayStation 4, Xbox One",73,9.01,11.0,14.06,12.05,2272,4761,61,256
40789,Orwell,2016,"Mobile, PC",73,4.56,6.2,9.65,5.58,2864,7650,58,377
5181,Lara Croft and the Guardian of Light,2010,"Google Stadia, Mobile, Nintendo Switch, PC, PlayStation 3, Xbox 360",73,6.46,8.17,16.2,8.1,2146,7978,46,542
80317,Crash Bandicoot 4: It's About Time,2020,"Nintendo Switch, PC, PlayStation 4, PlayStation 5, Xbox One, Xbox Series X/S",77,10.05,20.4,86.15,17.26,2033,3274,34,212
7455,Quake II,1997,"Amiga, Linux, Nintendo 64, Nintendo Switch, PC, PlayStation, PlayStation 4, PlayStation 5, Xbox 360, Xbox One, Xbox Series X/S",80,7.08,9.57,16.72,8.87,1734,4779,41,266
1874,Company of Heroes,2006,PC,80,19.3,28.57,77.55,23.55,1546,10151,56,1902
128121,Enshrouded,2024,"PC, PlayStation 5, Xbox Series X/S",80,48.39,70.22,77.51,68.65,214,1615,78,127
78633,Monster Train,2020,"Mobile, Nintendo Switch, PC, PlayStation 5, Xbox One",78,3.31,32.7,96.83,14.84,868,4022,45,232
57520,My Friend Pedro,2019,"Nintendo Switch, PC, PlayStation 4, Xbox One",73,4.09,5.17,9.01,4.48,3239,4922,48,282
57513,Super Smash Bros. Ultimate,2018,Nintendo Switch,88,24.08,42.49,76.56,40.26,5396,2249,52,467
30623,Jotun,2015,"Google Stadia, Linux, Mac, Nintendo Switch, PC, PlayStation 4, Wii U, Xbox One",67,5.15,5.65,7.36,5.52,1494,8550,58,693
25033,12 is Better Than 6,2015,"Nintendo Switch, PC",63,4.53,5.77,6.44,5.59,888,3604,53,310
20102,Darkwood,2017,"Nintendo Switch, PC, PlayStation 4, Xbox One",81,18.31,27.41,40.81,24.52,509,7029,59,332
10036,The Legend of Zelda: Ocarina of Time 3D,2011,Nintendo 3DS,90,25.12,31.36,38.63,30.61,5782,3868,48,290
7702,Remember Me,2013,"PC, PlayStation 3, Xbox 360",72,9.98,11.94,18.21,11.15,3762,6650,54,479
77918,Call of the Sea,2020,"Meta Quest, Nintendo Switch, PC, PlayStation 4, PlayStation 5, Xbox One, Xbox Series X/S",74,5.62,6.21,7.26,6.21,2192,4555,30,129
16585,The LEGO Movie Videogame,2014,"Mobile, Nintendo 3DS, PC, PlayStation 3, PlayStation 4, PlayStation Vita, Wii U, Xbox 360, Xbox One",68,7.63,11.38,17.57,12.67,1884,4454,60,165
10044,The Legend of Zelda: The Minish Cap,2004,Game Boy Advance,82,15.48,19.14,25.11,18.41,4115,3180,31,196
8739,Sonic & All-Stars Racing Transformed,2012,"Mobile, Nintendo 3DS, PC, PlayStation 3, PlayStation Vita, Wii U, Xbox 360",79,7.59,18.17,44.2,14.76,1955,5914,38,664
106113,Afterimage,2023,"Nintendo Switch, PC, PlayStation 4, PlayStation 5, Xbox One, Xbox Series X/S",77,25.22,34.51,43.36,36.14,388,3109,47,82
76246,Biped,2020,"Nintendo Switch, PC, PlayStation 4, Xbox One",72,2.89,4.96,10.43,4.15,705,2332,59,83
68240,Animal Crossing: New Horizons,2020,"Nintendo Switch, Nintendo Switch 2",82,60.82,153.46,426.34,109.29,4553,1722,63,999
44062,SteamWorld Dig 2,2017,"Google Stadia, Linux, Mac, Nintendo 3DS, Nintendo Switch, PC, PlayStation 4, PlayStation Vita, Xbox One",81,7.3,10.21,13.76,9.51,3131,5480,46,193
7526,Rage,2011,"PC, PlayStation 3, Xbox 360",69,11.16,15.64,23.97,14.64,3489,6647,43,706
3534,Final Fantasy XIII-2,2011,"PC, PlayStation 3, Xbox 360",73,27.97,41.56,71.6,41.31,2870,7341,37,293
1610,Catherine,2011,"PC, PlayStation 3, Xbox 360",81,13.21,17.39,64.18,15.05,3179,6805,46,303
82091,Call of Duty: Black Ops Cold War,2020,"PC, PlayStation 4, PlayStation 5, Xbox One, Xbox Series X/S",73,5.55,7.03,18.78,6.85,3079,1451,35,190
41274,Minion Masters,2016,PC,65,4.45,56.0,107.79,78.24,249,5306,51,769
29678,Mega Man Legacy Collection,2015,"PC, Nintendo 3DS, Nintendo Switch, PlayStation 4, Xbox One",78,16.67,20.61,36.57,19.31,680,5757,50,229
19348,Ultra Street Fighter IV,2014,"Arcade, PC, PlayStation 3, PlayStation 4, Xbox 360",79,2.54,18.24,134.39,11.68,1219,4253,49,633
3829,Game Dev Tycoon,2013,"Mobile, Nintendo Switch, PC",73,8.59,15.07,26.03,12.78,3864,4355,65,826
151883,Cairn,2026,"Nintendo Switch 2, PC, PlayStation 5",85,11.86,15.34,21.56,14.66,523,486,58,54
106424,Hellslave,2022,PC,65,10.12,13.49,21.7,13.51,64,2032,46,67
98273,Kirby and the Forgotten Land,2022,"Nintendo Switch, Nintendo Switch 2",84,10.32,15.46,25.95,16.05,3710,2286,35,121
93907,Avatar: Frontiers of Pandora,2023,"PC, PlayStation 5, Xbox Series X/S",67,24.09,43.03,83.41,44.12,509,1112,68,119
90628,Pile Up!,2023,PC,59,6.7,8.0,,7.35,11,225,14,12
75561,Roadwarden,2022,"Linux, Mac, PC",81,12.01,19.62,29.5,18.63,220,4005,38,65
68118,Tales of Arise,2021,"Nintendo Switch 2, PC, PlayStation 4, PlayStation 5, Xbox One, Xbox Series X/S",79,41.0,56.54,74.06,57.93,3482,5342,58,345
58222,Red Faction: Guerrilla Re-Mars-tered,2018,"Nintendo Switch, PC, PlayStation 4, Xbox One",68,11.08,18.63,42.53,15.43,692,6753,35,289
7153,Pokémon HeartGold and SoulSilver,2009,Nintendo DS,87,36.08,70.45,208.88,56.8,6254,1971,55,236
5961,Metroid: Zero Mission,2004,Game Boy Advance,84,4.48,5.32,8.43,5.13,4360,1447,24,68
3088,Elite: Dangerous,2014,"PC, PlayStation 4, Xbox One",74,113.63,276.42,641.75,268.69,471,6238,66,1134
2491,Deus Ex: Invisible War,2003,"PC, Xbox",64,9.11,13.5,20.17,12.79,1063,8775,42,569
80870,Far Cry 6,2021,"Google Stadia, PC, PlayStation 4, PlayStation 5, Xbox One, Xbox Series X/S",69,25.01,41.81,65.14,38.76,2868,3263,47,374
38801,Batman: The Telltale Series,2016,"Mobile, Nintendo Switch, PC, PlayStation 3, PlayStation 4, Xbox 360, Xbox One",74,8.4,9.16,9.37,8.96,5383,5349,50,224
8985,Spore,2008,PC,74,12.48,29.65,102.99,20.11,2304,3837,55,736
109056,Moonstone Island,2023,"Mac, Nintendo Switch, PC",73,30.93,52.92,65.19,51.79,101,2473,50,60
88654,My Time at Sandrock,2023,"Nintendo Switch, PC, PlayStation 4, PlayStation 5, Xbox One, Xbox Series X/S",78,92.58,124.91,163.55,133.58,278,1985,45,98
46226,Tekken 7,2015,"PC, PlayStation 4, Xbox One",77,3.62,9.01,19.37,7.98,2922,4078,50,432
44852,Marvel's Spider-Man,2018,"PC, PlayStation 4",87,17.01,25.62,35.93,27.43,14020,3402,22,257
42182,Astroneer,2019,"Nintendo Switch, PC, PlayStation 4, PlayStation 5, Xbox One",75,26.71,51.9,71.02,53.98,1042,3424,67,623
38317,Styx: Shards of Darkness,2017,"PC, PlayStation 4, Xbox One",73,12.2,16.58,29.44,16.68,639,6160,48,207
8502,Sid Meier's Civilization III: Complete,2001,PC,78,22.2,44.7,146.13,42.59,612,7377,45,1049
6131,Monaco: What's Yours is Mine,2013,"PC, Xbox 360",68,8.32,15.48,34.68,14.07,857,9949,47,1272
84514,Happy's Humble Burger Farm,2020,"PC, PlayStation 4",69,5.57,6.34,6.54,6.22,88,668,50,28
71500,"Yes, Your Grace",2020,"Mobile, Nintendo Switch, PC, Xbox One, Xbox Series X/S",75,6.35,8.31,11.54,7.73,949,3587,39,126
104609,Grand Theft Auto VI,2026,"PlayStation 5, Xbox Series X/S",0,,,,,5,674,11,2
80159,The Riftbreaker,2021,"PC, PlayStation 4, PlayStation 5, Xbox One, Xbox Series X/S",77,23.98,34.71,58.22,31.19,249,1143,41,86
76520,Mortal Shell,2020,"Nintendo Switch, PC, PlayStation 4, PlayStation 5, Xbox One, Xbox Series X/S",66,10.69,14.1,23.58,13.25,1059,3862,55,362
37863,Kingdom Hearts HD 2.8 Final Chapter Prologue,2017,"Nintendo Switch, Nintendo Switch 2, PC, PlayStation 4, Xbox One",78,19.33,32.83,68.33,29.11,1056,2842,39,45
36967,Valkyria Chronicles,2008,"Nintendo Switch, PC, PlayStation 3, PlayStation 4",82,30.34,38.12,58.7,36.65,2467,10572,47,686
24970,CrossCode,2018,"Linux, Mac, Nintendo Switch, PC, PlayStation 4, Xbox One",85,35.74,55.15,79.63,54.26,978,4998,65,292
6240,Mount & Blade: Warband,2010,"PC, PlayStation 4, Xbox One",82,74.32,113.08,225.66,119.79,1612,6218,48,1120
3978,God of War III,2010,"PlayStation 3, PlayStation 4",85,10.0,11.06,18.66,10.74,8111,4220,44,209
155646,Sniper Elite: Resistance,2025,"PC, PlayStation 4, PlayStation 5, Xbox One, Xbox Series X/S",70,8.9,13.86,30.73,12.29,338,251,17,25
109108,Animal Well,2024,"Nintendo Switch, PC, PlayStation 5, Xbox Series X/S",84,7.05,11.44,17.67,10.29,2113,2204,40,164
86112,Loop Hero,2021,"Mobile, Nintendo Switch, PC, Xbox One, Xbox Series X/S",75,28.56,36.96,54.71,36.93,1283,4884,74,692
66086,Untitled Goose Game,2019,"Nintendo Switch, PC, PlayStation 4, Xbox One",76,3.02,4.08,6.17,3.71,4432,3147,47,277
50133,AER: Memories of Old,2017,"Linux, Mac, Nintendo Switch, PC, PlayStation 4, Xbox One",66,3.06,3.91,4.39,3.81,1817,5490,39,315
26791,Broken Age: The Complete Adventure,2014,"Mobile, Nintendo Switch, PC, PlayStation 4, PlayStation Vita, Xbox One",71,10.26,11.55,13.49,11.2,2549,9189,41,517
5251,LEGO Harry Potter: Years 5-7,2011,"Mobile, Nintendo 3DS, Nintendo DS, Nintendo Switch, PC, PlayStation 3, PlayStation 4, PlayStation 5, PlayStation Portable, PlayStation Vita, Wii, Xbox 360, Xbox One, Xbox Series X/S",74,11.13,16.09,24.7,18.6,2163,5541,37,243
3126,Enslaved: Odyssey to the West,2010,"PC, PlayStation 3, Xbox 360",76,8.97,10.63,20.41,9.96,3505,6958,38,329
176100,RV There Yet?,2025,"PC, Xbox Series X/S",71,9.26,11.5,13.45,10.31,297,552,100,80
43633,The Hunter: Call of the Wild,2017,"PC, PlayStation 4, Xbox One",63,24.59,83.25,228.2,49.11,285,3551,69,487
22940,Yakuza 5,2012,"PC, PlayStation 3, PlayStation 4, Xbox One",80,35.92,63.82,152.12,58.49,3022,5581,47,85
19181,Mirror's Edge: Catalyst,2016,"PC, PlayStation 4, Xbox One",70,8.37,13.39,31.95,12.14,3174,4852,38,317
8309,Serious Sam 3: BFE,2011,"Google Stadia, Linux, Nintendo Switch, PC, PlayStation 3, PlayStation 4, Xbox 360, Xbox One",66,10.1,14.66,28.81,12.52,1917,6594,46,783
7689,Red Faction: Guerrilla,2009,"PC, PlayStation 3, Xbox 360",75,13.21,20.84,44.99,18.27,1930,7326,33,696
169173,Final Fantasy Tactics: The Ivalice Chronicles,2025,"Nintendo Switch, Nintendo Switch 2, PC, PlayStation 4, PlayStation 5, Xbox Series X/S",88,37.11,46.08,63.33,47.49,473,1185,60,41
79440,Dorfromantik,2022,"Mobile, Nintendo Switch, PC, PlayStation 4, PlayStation 5, Xbox One, Xbox Series X/S",76,5.14,18.8,59.39,19.19,525,2808,52,300
51164,Mega Man 11,2018,"Nintendo Switch, PC, PlayStation 4, Xbox One",77,4.87,6.32,18.16,5.48,1204,2939,30,100
10297,Thief Gold,1999,PC,84,20.1,25.58,35.89,24.23,791,7666,47,475
3974,God of War,2005,"PlayStation 2, PlayStation 3, PlayStation Vita",81,9.08,10.12,13.36,9.66,8098,2526,51,204
168698,Hell Clock,2025,"PC, PlayStation 5, Xbox Series X/S",75,8.99,9.15,11.68,9.47,85,517,37,10
112959,Venba,2023,"Nintendo Switch, PC, PlayStation 5, Xbox One, Xbox Series X/S",75,1.51,1.68,2.23,1.67,2007,2323,28,45
68236,Immortals Fenyx Rising,2020,"Google Stadia, Nintendo Switch, PC, PlayStation 4, PlayStation 5, Xbox One, Xbox Series X/S",76,25.42,41.24,62.14,42.31,2363,3988,44,410
26277,Yooka-Laylee,2017,"Nintendo Switch, PC, PlayStation 4, Xbox One",66,15.45,20.43,24.78,21.19,1404,7031,38,527
10799,Uncharted: Drake's Fortune,2007,"PlayStation 3, PlayStation 4",75,8.05,9.49,17.95,8.88,11780,2319,26,213
9039,Star Fox Adventures,2002,Nintendo GameCube,70,14.08,17.27,19.34,16.09,762,917,22,91
8751,Sonic Adventure DX,2003,"Nintendo GameCube, PC, PlayStation 3, Xbox 360, Xbox One",73,9.11,14.47,34.22,13.11,3229,6376,57,350
152041,Mixtape,2026,"Nintendo Switch 2, PC, PlayStation 5, Xbox Series X/S",77,3.23,3.56,5.15,3.61,1267,337,35,39
67987,Tom Clancy's Ghost Recon Breakpoint,2019,"Google Stadia, PC, PlayStation 4, Xbox One",65,23.42,54.92,99.09,45.53,753,1789,61,224
62224,Supraland,2019,"Nintendo Switch, PC, PlayStation 4, Xbox One",79,12.89,16.6,23.42,18.41,1192,5937,50,297
61381,Thronebreaker: The Witcher Tales,2018,"Mobile, Nintendo Switch, PC, PlayStation 4, Xbox One",80,27.99,36.73,42.42,38.13,1456,4692,37,243
44050,Oxygen Not Included,2019,"Linux, Mac, PC",78,104.68,198.82,417.87,155.96,432,4442,80,519
16794,Strider,2014,"PC, PlayStation 3, PlayStation 4, Xbox 360, Xbox One",71,5.48,7.99,14.32,7.2,1410,6955,40,383
10153,The Room,2012,"Mobile, Nintendo Switch, PC",76,2.57,2.6,2.66,2.62,5200,3237,57,107
9386,Super Mario Sunshine,2002,Nintendo GameCube,79,14.93,20.15,29.21,18.91,4386,3499,38,386
7288,Prince of Persia,2008,"PC, PlayStation 3, Xbox 360",72,11.39,14.09,17.34,12.93,2538,4781,36,336
97692,Alan Wake Remastered,2021,"Nintendo Switch, PC, PlayStation 4, PlayStation 5, Xbox One, Xbox Series X/S",77,10.39,14.2,25.36,12.77,2914,2163,39,145
70915,Cat Quest II,2019,"Mobile, Nintendo Switch, PC, PlayStation 4, Xbox One",76,7.53,9.59,12.64,10.74,1279,2605,41,98
68133,Genshin Impact,2020,"Mobile, PC, PlayStation 4, PlayStation 5, Xbox Series X/S",72,68.41,257.67,816.53,309.02,711,1055,109,1036
39080,Kingdom: New Lands,2016,"Mobile, Nintendo Switch, PC, PlayStation 4, Xbox One",70,10.64,26.95,36.55,21.91,715,6003,39,412
33004,Moon Hunters,2016,"Linux, Mac, Nintendo Switch, PC, PlayStation 4, Xbox One",64,1.72,7.35,24.82,4.01,596,5958,40,234
10899,Vanquish,2010,"PC, PlayStation 3, PlayStation 4, Xbox 360, Xbox One",76,6.08,8.1,20.47,6.56,3438,5437,30,248
10162,The Secret of Monkey Island,1990,"Amiga, Atari ST, FM Towns, Mac, Mobile, PC, PlayStation 3, Sega CD, Xbox 360",81,6.64,7.36,7.6,7.02,3495,5601,34,269
6796,Orcs Must Die! 2,2012,PC,75,8.22,20.21,41.17,15.06,2079,7304,54,1004
89679,Coromon,2022,"Mobile, Nintendo Switch, PC",74,24.82,33.37,50.25,32.02,326,3769,47,118
79897,Metal: Hellsinger,2022,"PC, PlayStation 4, PlayStation 5, Xbox One, Xbox Series X/S",77,4.35,6.26,7.49,5.57,1665,3884,55,220
46445,Ni no Kuni II: Revenant Kingdom,2018,"Nintendo Switch, PC, PlayStation 4, Xbox One",77,38.7,56.77,93.23,55.94,2296,7116,27,360
41360,Endless Space 2,2016,PC,74,19.41,48.12,153.67,36.13,381,5955,41,280
11041,"Warhammer 40,000: Dawn of War - Soulstorm",2008,PC,73,13.4,23.9,48.82,20.24,799,4826,38,350
11039,"Warhammer 40,000: Dawn of War",2004,PC,79,12.08,14.68,17.77,12.83,1812,7166,49,699
9086,Star Wars Jedi Knight: Dark Forces II,1997,PC,78,9.0,10.4,12.21,9.85,1075,6389,37,405
25107,Salt & Sanctuary,2016,"Nintendo Switch, PC, PlayStation 4, PlayStation Vita, Xbox One",77,16.39,21.46,32.09,21.18,1279,4705,39,342
9489,Surgeon Simulator,2013,"Mobile, PC, PlayStation 4",62,3.34,6.35,15.23,5.97,1205,6203,69,1213
93920,A Little To The Left,2022,"Mobile, Nintendo Switch, PC, PlayStation 4, PlayStation 5, Xbox One, Xbox Series X/S",73,3.8,5.48,12.73,6.07,2027,1355,84,150
70075,The Dark Pictures: Little Hope,2020,"Nintendo Switch, PC, PlayStation 4, PlayStation 5, Xbox One, Xbox Series X/S",68,5.07,6.43,23.72,5.76,2650,3878,40,68
46427,The Crew 2,2018,"Google Stadia, PC, PlayStation 4, Xbox One",70,21.57,46.2,78.81,48.82,833,2326,64,342
40006,Northgard,2018,"Mac, Mobile, Nintendo Switch, PC, PlayStation 4, Xbox One",74,14.66,35.67,87.65,20.1,757,5202,50,403
33620,Oxenfree,2016,"Mobile, Nintendo Switch, PC, PlayStation 4, Xbox One",76,4.46,5.67,13.2,5.44,5558,7991,42,294
21118,Shadowrun: Dragonfall - Director's Cut,2014,"Linux, Mac, Mobile, Nintendo Switch, PC, PlayStation 4, PlayStation 5, Xbox One, Xbox Series X/S",80,20.62,29.48,41.72,30.08,1524,8172,30,302
10034,The Legend of Zelda: Majora's Mask,2000,Nintendo 64,90,21.4,30.7,32.81,29.73,3088,2910,29,222
5248,LEGO City Undercover,2013,"Nintendo Switch, PC, PlayStation 4, Wii U, Xbox One",77,15.34,24.41,48.56,26.26,1853,3354,56,208
4904,Just Cause,2006,"PC, PlayStation 2, Xbox, Xbox 360",59,8.31,17.75,30.69,12.32,1189,6957,41,746
100017,Tiny Tina's Assault on Dragon Keep: A Wonderlands One-Shot Adventure,2021,"PC, PlayStation 4, PlayStation 5, Xbox One, Xbox Series X/S",68,5.88,10.8,35.33,9.78,660,4798,49,206
97314,Saints Row,2022,"PC, PlayStation 4, PlayStation 5, Xbox One, Xbox Series X/S",55,12.6,27.24,52.55,23.24,933,3510,43,157
82916,Eiyuden Chronicle: Hundred Heroes,2024,"Nintendo Switch, PC, PlayStation 4, PlayStation 5, Xbox One, Xbox Series X/S",76,47.41,66.58,99.82,68.0,352,2283,35,64
78609,Bendy and the Dark Revival,2022,"Nintendo Switch, PC, PlayStation 4, PlayStation 5, Xbox One, Xbox Series X/S",73,7.13,8.72,20.58,8.23,340,3083,51,41
71166,We Were Here Together,2019,"PC, PlayStation 4, Xbox One",75,6.54,7.51,8.96,7.19,1898,3788,59,135
62027,Trine 4: The Nightmare Prince,2019,"Google Stadia, Nintendo Switch, PC, PlayStation 4, Xbox One",78,10.23,12.87,15.6,13.11,1148,5094,39,134
19512,Shovel Knight,2014,"Nintendo 3DS, Nintendo Switch, PC, PlayStation 3, PlayStation 4, PlayStation Vita, Wii U, Xbox One",84,6.66,9.57,18.87,8.52,5914,7455,41,480
2489,Deus Ex: Human Revolution,2011,"OnLive, PC, PlayStation 3, Wii U, Xbox 360",84,21.49,30.47,45.27,29.33,7145,9229,37,1040
1618,Cave Story+,2011,"Nintendo 3DS, Nintendo Switch, PC, Wii",79,6.3,8.63,11.11,7.47,2823,7962,38,670
49681,Getting Over It with Bennett Foddy,2017,"Mobile, PC",72,6.26,7.44,29.57,9.53,1266,4527,60,734
1338,Broken Sword: The Shadow of the Templars,1996,"Game Boy Advance, Linux, Mac, Mobile, Nintendo DS, Nintendo Switch, Nintendo Switch 2, PC, PlayStation, PlayStation 4, PlayStation 5, Wii, Xbox One, Xbox Series X/S",79,9.99,10.85,11.18,10.42,1757,4278,38,215
94111,Beacon Pines,2022,"Nintendo Switch, PC, Xbox One, Xbox Series X/S",80,5.59,6.23,6.68,6.3,1022,2856,28,46
87524,ENDER LILIES: Quietus of the Knights,2021,"Nintendo Switch, PC, PlayStation 4, PlayStation 5, Xbox One, Xbox Series X/S",82,12.4,18.64,20.93,19.13,1934,3019,57,178
37444,Sherlock Holmes: The Devil's Daughter,2016,"Nintendo Switch, PC, PlayStation 4, Xbox One",71,10.16,11.68,12.32,11.55,1484,5172,43,186
17581,Monument Valley,2014,"Mobile, Nintendo Switch, PC, PlayStation 4, PlayStation 5, Xbox One, Xbox Series X/S",80,1.45,2.35,2.75,2.16,2558,1873,39,51
6944,Payday: The Heist,2011,"PC, PlayStation 3",66,9.96,31.79,48.99,18.54,1345,5836,55,1897
167860,Conquest Dark,2025,PC,66,7.87,8.0,,8.05,8,216,15,3
129264,Cat Quest III,2024,"Nintendo Switch, PC, PlayStation 4, PlayStation 5, Xbox One, Xbox Series X/S",78,6.07,8.24,10.06,8.76,530,1608,35,28
128891,Mortal Kombat 1,2023,"Nintendo Switch, PC, PlayStation 5, Xbox Series X/S",75,7.07,15.15,60.82,10.54,1375,1189,45,75
110158,Aliens: Dark Descent,2023,"PC, PlayStation 4, PlayStation 5, Xbox One, Xbox Series X/S",76,25.09,33.07,48.1,31.91,320,2431,46,108
60106,Soulcalibur VI,2018,"PC, PlayStation 4, Xbox One",74,6.93,19.2,38.72,13.6,901,5484,52,300
2220,Dark Sector,2008,"PC, PlayStation 3, Xbox 360",63,7.98,9.2,11.61,8.69,626,3541,48,164
68260,Age of Empires II: Definitive Edition,2019,"PC, PlayStation 5, Xbox One, Xbox Series X/S",86,43.77,135.76,219.39,102.13,621,3364,80,380
